analysis	correlation_type	network_pair	condition_contrast	n	mean_delta_fisher_z	sd_delta_fisher_z	sem_delta_fisher_z	t_1sample	p_signflip_two_sided	n_permutations
smith09-reward_denoised	full	auditory__brain-reward-signature	both-minus-sham	27	0.06891930369	0.1693196777	0.03258558717	2.115024147	0.0443895561	100000
smith09-reward_denoised	full	auditory__brain-reward-signature	both-minus-rtpj	27	0.03024955274	0.1880989373	0.03619965737	0.835630913	0.4100758992	100000
smith09-reward_denoised	full	auditory__brain-reward-signature	both-minus-vlpfc	27	0.01260704246	0.1573557026	0.03028311908	0.4163059436	0.6807131929	100000
smith09-reward_denoised	full	auditory__brain-reward-signature	rtpj-minus-vlpfc	27	-0.01764251028	0.1921371	0.03697680213	-0.4771237442	0.6391536085	100000
smith09-reward_denoised	full	auditory__brain-reward-signature	rtpj-minus-sham	27	0.03866975095	0.1646304601	0.03168314681	1.220514843	0.2314176858	100000
smith09-reward_denoised	full	auditory__brain-reward-signature	vlpfc-minus-sham	27	0.05631226122	0.2035565017	0.03917446701	1.437473577	0.1641583584	100000
smith09-reward_denoised	full	auditory__brain-reward-signature	both-minus-mean-rtpj-vlpfc	27	0.0214282976	0.1443670578	0.02778345324	0.7712611324	0.4469455305	100000
smith09-reward_denoised	full	auditory__brain-reward-signature	mean-stimulation-minus-sham	27	0.05463377196	0.1470313952	0.02829620519	1.93078088	0.06514934851	100000
smith09-reward_denoised	full	auditory__ecn	both-minus-sham	27	0.02394169547	0.2430454312	0.04677411504	0.5118577968	0.6331536685	100000
smith09-reward_denoised	full	auditory__ecn	both-minus-rtpj	27	0.02552498484	0.1909903671	0.03675611329	0.6944418917	0.4947450525	100000
smith09-reward_denoised	full	auditory__ecn	both-minus-vlpfc	27	0.04340928464	0.2182209191	0.04199663546	1.033637199	0.3169168308	100000
smith09-reward_denoised	full	auditory__ecn	rtpj-minus-vlpfc	27	0.0178842998	0.1621907924	0.03121363255	0.5729643858	0.5697543025	100000
smith09-reward_denoised	full	auditory__ecn	rtpj-minus-sham	27	-0.001583289369	0.1756400576	0.03380194484	-0.04684018557	0.9625703743	100000
smith09-reward_denoised	full	auditory__ecn	vlpfc-minus-sham	27	-0.01946758917	0.1915429749	0.03686246271	-0.5281141774	0.5987140129	100000
smith09-reward_denoised	full	auditory__ecn	both-minus-mean-rtpj-vlpfc	27	0.03446713474	0.1883411311	0.03624626757	0.9509154197	0.3560664393	100000
smith09-reward_denoised	full	auditory__ecn	mean-stimulation-minus-sham	27	0.000963605647	0.1730202702	0.03329776652	0.0289390475	0.9777402226	100000
smith09-reward_denoised	full	auditory__left-fpn	both-minus-sham	27	0.01512757535	0.1785068021	0.03435365007	0.4403484149	0.6730432696	100000
smith09-reward_denoised	full	auditory__left-fpn	both-minus-rtpj	27	-0.01805624017	0.172814415	0.03325814968	-0.5429117477	0.5957840422	100000
smith09-reward_denoised	full	auditory__left-fpn	both-minus-vlpfc	27	0.03855843792	0.2059136053	0.03962809183	0.9730076859	0.3512064879	100000
smith09-reward_denoised	full	auditory__left-fpn	rtpj-minus-vlpfc	27	0.05661467809	0.1894093149	0.03645183964	1.553136375	0.1332486675	100000
smith09-reward_denoised	full	auditory__left-fpn	rtpj-minus-sham	27	0.03318381552	0.1942410079	0.03738169939	0.8877021661	0.382196178	100000
smith09-reward_denoised	full	auditory__left-fpn	vlpfc-minus-sham	27	-0.02343086257	0.146668646	0.02822639407	-0.8301047065	0.4156658433	100000
smith09-reward_denoised	full	auditory__left-fpn	both-minus-mean-rtpj-vlpfc	27	0.01025109888	0.1648139718	0.03171846367	0.3231902713	0.7623823762	100000
smith09-reward_denoised	full	auditory__left-fpn	mean-stimulation-minus-sham	27	0.008293509437	0.1354731192	0.02607181395	0.3181025093	0.7524224758	100000
smith09-reward_denoised	full	auditory__right-fpn	both-minus-sham	27	-0.03106031672	0.1876484059	0.03611295255	-0.8600879886	0.3961260387	100000
smith09-reward_denoised	full	auditory__right-fpn	both-minus-rtpj	27	-0.04669863317	0.2226654404	0.04285198399	-1.089765953	0.286097139	100000
smith09-reward_denoised	full	auditory__right-fpn	both-minus-vlpfc	27	-0.03359463596	0.2019636846	0.03886792922	-0.8643279082	0.4059259407	100000
smith09-reward_denoised	full	auditory__right-fpn	rtpj-minus-vlpfc	27	0.01310399721	0.2122099909	0.04083983179	0.3208631534	0.7493825062	100000
smith09-reward_denoised	full	auditory__right-fpn	rtpj-minus-sham	27	0.01563831645	0.1412961672	0.02719246006	0.5750975238	0.577804222	100000
smith09-reward_denoised	full	auditory__right-fpn	vlpfc-minus-sham	27	0.002534319231	0.155154266	0.02985945241	0.08487493997	0.9334806652	100000
smith09-reward_denoised	full	auditory__right-fpn	both-minus-mean-rtpj-vlpfc	27	-0.04014663456	0.1841910532	0.03544758471	-1.13256333	0.2722272777	100000
smith09-reward_denoised	full	auditory__right-fpn	mean-stimulation-minus-sham	27	-0.004295893679	0.106638446	0.02052257851	-0.2093252403	0.8356216438	100000
smith09-reward_denoised	full	dmn__auditory	both-minus-sham	27	-0.03862018656	0.2086703763	0.04015863265	-0.9616907751	0.3456265437	100000
smith09-reward_denoised	full	dmn__auditory	both-minus-rtpj	27	0.02633247403	0.1619642233	0.0311700293	0.8448010675	0.403195968	100000
smith09-reward_denoised	full	dmn__auditory	both-minus-vlpfc	27	-0.01996114235	0.1646879849	0.03169421747	-0.6298039183	0.536604634	100000
smith09-reward_denoised	full	dmn__auditory	rtpj-minus-vlpfc	27	-0.04629361638	0.1469515295	0.02828083505	-1.63692537	0.1133788662	100000
smith09-reward_denoised	full	dmn__auditory	rtpj-minus-sham	27	-0.06495266059	0.1895924978	0.03648709322	-1.780154429	0.08627913721	100000
smith09-reward_denoised	full	dmn__auditory	vlpfc-minus-sham	27	-0.01865904421	0.1951467198	0.03755600373	-0.4968325262	0.6198638014	100000
smith09-reward_denoised	full	dmn__auditory	both-minus-mean-rtpj-vlpfc	27	0.003185665841	0.1458718032	0.02807304162	0.1134777586	0.9113408866	100000
smith09-reward_denoised	full	dmn__auditory	mean-stimulation-minus-sham	27	-0.04074396379	0.1756775317	0.03380915673	-1.205116238	0.2355176448	100000
smith09-reward_denoised	full	dmn__brain-reward-signature	both-minus-sham	27	0.02940534409	0.1678748022	0.03230752074	0.9101702456	0.3752662473	100000
smith09-reward_denoised	full	dmn__brain-reward-signature	both-minus-rtpj	27	-0.02277356583	0.1307868852	0.0251699478	-0.9047919373	0.3738462615	100000
smith09-reward_denoised	full	dmn__brain-reward-signature	both-minus-vlpfc	27	0.020646297	0.1566716995	0.03015148263	0.6847522975	0.4987150128	100000
smith09-reward_denoised	full	dmn__brain-reward-signature	rtpj-minus-vlpfc	27	0.04341986284	0.1622167208	0.03121862248	1.390832118	0.176898231	100000
smith09-reward_denoised	full	dmn__brain-reward-signature	rtpj-minus-sham	27	0.05217890991	0.1531823784	0.02947996247	1.769978844	0.08893911061	100000
smith09-reward_denoised	full	dmn__brain-reward-signature	vlpfc-minus-sham	27	0.008759047085	0.1673785029	0.0322120079	0.2719186929	0.787802122	100000
smith09-reward_denoised	full	dmn__brain-reward-signature	both-minus-mean-rtpj-vlpfc	27	-0.001063634411	0.1193610039	0.02297103592	-0.04630328447	0.9635403646	100000
smith09-reward_denoised	full	dmn__brain-reward-signature	mean-stimulation-minus-sham	27	0.03011443369	0.1378491789	0.02652908685	1.135147767	0.2637773622	100000
smith09-reward_denoised	full	dmn__ecn	both-minus-sham	27	0.01124370129	0.1660752847	0.03196120344	0.3517921754	0.7276227238	100000
smith09-reward_denoised	full	dmn__ecn	both-minus-rtpj	27	-0.01066958662	0.1783063767	0.0343150782	-0.3109299811	0.7569624304	100000
smith09-reward_denoised	full	dmn__ecn	both-minus-vlpfc	27	-0.0169235082	0.1500156001	0.0288705157	-0.586186557	0.5633943661	100000
smith09-reward_denoised	full	dmn__ecn	rtpj-minus-vlpfc	27	-0.006253921578	0.1585166693	0.03050654724	-0.2050026025	0.8377816222	100000
smith09-reward_denoised	full	dmn__ecn	rtpj-minus-sham	27	0.02191328791	0.1355755647	0.02609152959	0.8398621411	0.409695903	100000
smith09-reward_denoised	full	dmn__ecn	vlpfc-minus-sham	27	0.02816720948	0.1554287184	0.02991227081	0.9416606871	0.3523864761	100000
smith09-reward_denoised	full	dmn__ecn	both-minus-mean-rtpj-vlpfc	27	-0.01379654741	0.1444542783	0.02780023882	-0.4962744206	0.6246937531	100000
smith09-reward_denoised	full	dmn__ecn	mean-stimulation-minus-sham	27	0.02044139956	0.1206160495	0.02321256955	0.8806176979	0.3875561244	100000
smith09-reward_denoised	full	dmn__left-fpn	both-minus-sham	27	0.01077983171	0.1718312868	0.03306894656	0.3259804994	0.7441825582	100000
smith09-reward_denoised	full	dmn__left-fpn	both-minus-rtpj	27	0.01990482576	0.1768223649	0.03402948	0.5849288841	0.5618643814	100000
smith09-reward_denoised	full	dmn__left-fpn	both-minus-vlpfc	27	-0.0008285091752	0.1721283932	0.03312612471	-0.02501074854	0.9800501995	100000
smith09-reward_denoised	full	dmn__left-fpn	rtpj-minus-vlpfc	27	-0.02073333494	0.136489862	0.02626748619	-0.7893155359	0.4367756322	100000
smith09-reward_denoised	full	dmn__left-fpn	rtpj-minus-sham	27	-0.009124994054	0.1595704445	0.03070934637	-0.2971406146	0.7674623254	100000
smith09-reward_denoised	full	dmn__left-fpn	vlpfc-minus-sham	27	0.01160834089	0.1746602618	0.03361338305	0.3453487817	0.7335926641	100000
smith09-reward_denoised	full	dmn__left-fpn	both-minus-mean-rtpj-vlpfc	27	0.00953815829	0.1605920161	0.03090594791	0.3086188561	0.758702413	100000
smith09-reward_denoised	full	dmn__left-fpn	mean-stimulation-minus-sham	27	0.004421059519	0.1402224264	0.02698581855	0.1638289945	0.8697313027	100000
smith09-reward_denoised	full	dmn__right-fpn	both-minus-sham	27	-0.04274885098	0.2171773534	0.04179580115	-1.022802526	0.3218567814	100000
smith09-reward_denoised	full	dmn__right-fpn	both-minus-rtpj	27	-0.00443863493	0.1939292255	0.03732169685	-0.1189290762	0.908200918	100000
smith09-reward_denoised	full	dmn__right-fpn	both-minus-vlpfc	27	0.02304991646	0.2337548461	0.04498614111	0.5123781657	0.6092539075	100000
smith09-reward_denoised	full	dmn__right-fpn	rtpj-minus-vlpfc	27	0.0274885514	0.2196455957	0.04227081461	0.6502962304	0.5203147969	100000
smith09-reward_denoised	full	dmn__right-fpn	rtpj-minus-sham	27	-0.03831021605	0.1808056188	0.03479605756	-1.100993007	0.278097219	100000
smith09-reward_denoised	full	dmn__right-fpn	vlpfc-minus-sham	27	-0.06579876745	0.144390744	0.02778801164	-2.367883255	0.0266197338	100000
smith09-reward_denoised	full	dmn__right-fpn	both-minus-mean-rtpj-vlpfc	27	0.00930564076	0.1845640522	0.03551936841	0.261987788	0.7933720663	100000
smith09-reward_denoised	full	dmn__right-fpn	mean-stimulation-minus-sham	27	-0.04895261149	0.1340074726	0.02578975012	-1.89814214	0.06783932161	100000
smith09-reward_denoised	full	dmn__sensorimotor	both-minus-sham	27	0.03000549571	0.1455302213	0.02800730415	1.071345373	0.2919870801	100000
smith09-reward_denoised	full	dmn__sensorimotor	both-minus-rtpj	27	0.05010638228	0.142643505	0.02745175533	1.825252399	0.07965920341	100000
smith09-reward_denoised	full	dmn__sensorimotor	both-minus-vlpfc	27	0.02688821662	0.1584426859	0.03049230912	0.8818032281	0.3887361126	100000
smith09-reward_denoised	full	dmn__sensorimotor	rtpj-minus-vlpfc	27	-0.02321816568	0.1598146454	0.03075634285	-0.7549065827	0.4616153838	100000
smith09-reward_denoised	full	dmn__sensorimotor	rtpj-minus-sham	27	-0.02010088658	0.1714444989	0.0329945092	-0.6092191417	0.5451545485	100000
smith09-reward_denoised	full	dmn__sensorimotor	vlpfc-minus-sham	27	0.003117279095	0.1756191995	0.03379793071	0.09223283881	0.9260507395	100000
smith09-reward_denoised	full	dmn__sensorimotor	both-minus-mean-rtpj-vlpfc	27	0.03849729945	0.1278297575	0.02460084829	1.56487691	0.129398706	100000
smith09-reward_denoised	full	dmn__sensorimotor	mean-stimulation-minus-sham	27	0.004340629414	0.1387448174	0.02670145256	0.1625615462	0.872501275	100000
smith09-reward_denoised	full	ecn__brain-reward-signature	both-minus-sham	27	0.01371619389	0.1483211637	0.02854442127	0.4805210014	0.636103639	100000
smith09-reward_denoised	full	ecn__brain-reward-signature	both-minus-rtpj	27	0.0455944884	0.1609397284	0.03097286516	1.472078484	0.1532584674	100000
smith09-reward_denoised	full	ecn__brain-reward-signature	both-minus-vlpfc	27	0.0281545159	0.1485251008	0.02858366898	0.9849860744	0.3423465765	100000
smith09-reward_denoised	full	ecn__brain-reward-signature	rtpj-minus-vlpfc	27	-0.01743997251	0.1619006243	0.03115778968	-0.5597307348	0.5840941591	100000
smith09-reward_denoised	full	ecn__brain-reward-signature	rtpj-minus-sham	27	-0.03187829451	0.1392055593	0.02679012239	-1.18992717	0.2448175518	100000
smith09-reward_denoised	full	ecn__brain-reward-signature	vlpfc-minus-sham	27	-0.014438322	0.1607033655	0.03092737711	-0.4668459906	0.6461235388	100000
smith09-reward_denoised	full	ecn__brain-reward-signature	both-minus-mean-rtpj-vlpfc	27	0.03687450215	0.1320140062	0.02540610733	1.451403069	0.1602283977	100000
smith09-reward_denoised	full	ecn__brain-reward-signature	mean-stimulation-minus-sham	27	-0.01086680754	0.1189937754	0.02290036275	-0.4745255635	0.6359636404	100000
smith09-reward_denoised	full	ecn__left-fpn	both-minus-sham	27	-0.01104455107	0.1746435649	0.03361016974	-0.3286074173	0.7443125569	100000
smith09-reward_denoised	full	ecn__left-fpn	both-minus-rtpj	27	-0.01628325702	0.1686408025	0.03245493758	-0.5017189443	0.6174438256	100000
smith09-reward_denoised	full	ecn__left-fpn	both-minus-vlpfc	27	-0.00112309627	0.1658955253	0.03192660874	-0.03517743709	0.9729802702	100000
smith09-reward_denoised	full	ecn__left-fpn	rtpj-minus-vlpfc	27	0.01516016074	0.1445000395	0.02780904558	0.5451521412	0.5894941051	100000
smith09-reward_denoised	full	ecn__left-fpn	rtpj-minus-sham	27	0.005238705947	0.1489380455	0.02866314023	0.1827680396	0.8566114339	100000
smith09-reward_denoised	full	ecn__left-fpn	vlpfc-minus-sham	27	-0.009921454798	0.1653457548	0.03182080535	-0.3117914423	0.7573824262	100000
smith09-reward_denoised	full	ecn__left-fpn	both-minus-mean-rtpj-vlpfc	27	-0.008703176639	0.1508656934	0.02903411623	-0.2997568987	0.768702313	100000
smith09-reward_denoised	full	ecn__left-fpn	mean-stimulation-minus-sham	27	-0.005242433311	0.1346704197	0.02591733435	-0.2022751738	0.8410415896	100000
smith09-reward_denoised	full	ecn__right-fpn	both-minus-sham	27	-0.1054336819	0.2153061553	0.0414356889	-2.544513791	0.009079909201	100000
smith09-reward_denoised	full	ecn__right-fpn	both-minus-rtpj	27	-0.05224767653	0.1775548838	0.03417045332	-1.529030828	0.1401485985	100000
smith09-reward_denoised	full	ecn__right-fpn	both-minus-vlpfc	27	-0.1161522007	0.2054573761	0.03954029047	-2.937565692	0.005919940801	100000
smith09-reward_denoised	full	ecn__right-fpn	rtpj-minus-vlpfc	27	-0.06390452419	0.1532013349	0.02948361065	-2.167459235	0.0394596054	100000
smith09-reward_denoised	full	ecn__right-fpn	rtpj-minus-sham	27	-0.05318600532	0.1273258363	0.02450386863	-2.170514629	0.0400295997	100000
smith09-reward_denoised	full	ecn__right-fpn	vlpfc-minus-sham	27	0.01071851885	0.1498387238	0.02883647585	0.3717000271	0.71300287	100000
smith09-reward_denoised	full	ecn__right-fpn	both-minus-mean-rtpj-vlpfc	27	-0.08419993862	0.1760726351	0.03388519442	-2.484859245	0.0143898561	100000
smith09-reward_denoised	full	ecn__right-fpn	mean-stimulation-minus-sham	27	-0.04930038944	0.1324351571	0.02548715788	-1.934322755	0.06137938621	100000
smith09-reward_denoised	full	lateral-visual__auditory	both-minus-sham	27	-0.01615788949	0.2057727963	0.03960099312	-0.4080172799	0.687103129	100000
smith09-reward_denoised	full	lateral-visual__auditory	both-minus-rtpj	27	-0.02389725686	0.2050128904	0.03945474915	-0.6056877152	0.5594244058	100000
smith09-reward_denoised	full	lateral-visual__auditory	both-minus-vlpfc	27	-0.01480774463	0.1935578044	0.03725021683	-0.3975210318	0.6985930141	100000
smith09-reward_denoised	full	lateral-visual__auditory	rtpj-minus-vlpfc	27	0.009089512236	0.1465042924	0.02819476421	0.3223829846	0.74800252	100000
smith09-reward_denoised	full	lateral-visual__auditory	rtpj-minus-sham	27	0.007739367373	0.1849634934	0.03559624091	0.2174209179	0.8290517095	100000
smith09-reward_denoised	full	lateral-visual__auditory	vlpfc-minus-sham	27	-0.001350144867	0.1856369763	0.03572585275	-0.03779181636	0.9695203048	100000
smith09-reward_denoised	full	lateral-visual__auditory	both-minus-mean-rtpj-vlpfc	27	-0.01935250075	0.1854226996	0.03568461517	-0.5423205674	0.5987840122	100000
smith09-reward_denoised	full	lateral-visual__auditory	mean-stimulation-minus-sham	27	-0.003256222334	0.160584577	0.03090451625	-0.1053639639	0.9176308237	100000
smith09-reward_denoised	full	lateral-visual__brain-reward-signature	both-minus-sham	27	0.01358731404	0.117115152	0.02253882151	0.6028404826	0.5466645334	100000
smith09-reward_denoised	full	lateral-visual__brain-reward-signature	both-minus-rtpj	27	-0.003846855297	0.1301342944	0.02504435664	-0.1536016817	0.8777412226	100000
smith09-reward_denoised	full	lateral-visual__brain-reward-signature	both-minus-vlpfc	27	0.03314987925	0.09846649394	0.01894988559	1.749344558	0.09031909681	100000
smith09-reward_denoised	full	lateral-visual__brain-reward-signature	rtpj-minus-vlpfc	27	0.03699673456	0.1605721547	0.03090212558	1.19722297	0.2409475905	100000
smith09-reward_denoised	full	lateral-visual__brain-reward-signature	rtpj-minus-sham	27	0.01743416933	0.1551453058	0.02985772803	0.583908103	0.5639543605	100000
smith09-reward_denoised	full	lateral-visual__brain-reward-signature	vlpfc-minus-sham	27	-0.01956256521	0.1417446216	0.02727876515	-0.7171352918	0.4768152318	100000
smith09-reward_denoised	full	lateral-visual__brain-reward-signature	both-minus-mean-rtpj-vlpfc	27	0.01465151198	0.08288207462	0.0159506627	0.9185519283	0.3676763232	100000
smith09-reward_denoised	full	lateral-visual__brain-reward-signature	mean-stimulation-minus-sham	27	0.003819639392	0.1160549131	0.02233477844	0.1710175636	0.8631213688	100000
smith09-reward_denoised	full	lateral-visual__dmn	both-minus-sham	27	0.001375142286	0.2161601283	0.04160003608	0.03305627629	0.9741102589	100000
smith09-reward_denoised	full	lateral-visual__dmn	both-minus-rtpj	27	0.04036465828	0.1921437474	0.03697808143	1.091583357	0.2868171318	100000
smith09-reward_denoised	full	lateral-visual__dmn	both-minus-vlpfc	27	-0.003450622711	0.201268925	0.03873422268	-0.08908459941	0.9296607034	100000
smith09-reward_denoised	full	lateral-visual__dmn	rtpj-minus-vlpfc	27	-0.04381528098	0.1890589191	0.03638440594	-1.204232414	0.2370276297	100000
smith09-reward_denoised	full	lateral-visual__dmn	rtpj-minus-sham	27	-0.03898951599	0.1942733283	0.03738791946	-1.042837274	0.3026069739	100000
smith09-reward_denoised	full	lateral-visual__dmn	vlpfc-minus-sham	27	0.004825764996	0.1932545325	0.03719185212	0.1297532852	0.8986710133	100000
smith09-reward_denoised	full	lateral-visual__dmn	both-minus-mean-rtpj-vlpfc	27	0.01845701779	0.1725641365	0.03320998355	0.5557671463	0.5865241348	100000
smith09-reward_denoised	full	lateral-visual__dmn	mean-stimulation-minus-sham	27	-0.01092953623	0.16742237	0.03222045012	-0.3392111592	0.7405925941	100000
smith09-reward_denoised	full	lateral-visual__ecn	both-minus-sham	27	0.06072994877	0.2279973687	0.04387811406	1.384060142	0.1848781512	100000
smith09-reward_denoised	full	lateral-visual__ecn	both-minus-rtpj	27	0.01999119157	0.1819881918	0.03502364385	0.5707913104	0.5744342557	100000
smith09-reward_denoised	full	lateral-visual__ecn	both-minus-vlpfc	27	0.09727999812	0.2312204153	0.04449838967	2.186146484	0.0237397626	100000
smith09-reward_denoised	full	lateral-visual__ecn	rtpj-minus-vlpfc	27	0.07728880655	0.2142255429	0.04122772495	1.874680367	0.07236927631	100000
smith09-reward_denoised	full	lateral-visual__ecn	rtpj-minus-sham	27	0.04073875721	0.1524025096	0.02932987666	1.388984948	0.1799382006	100000
smith09-reward_denoised	full	lateral-visual__ecn	vlpfc-minus-sham	27	-0.03655004935	0.1866996022	0.0359303552	-1.017247092	0.3174768252	100000
smith09-reward_denoised	full	lateral-visual__ecn	both-minus-mean-rtpj-vlpfc	27	0.05863559484	0.1783764149	0.03432855706	1.708070477	0.09390906091	100000
smith09-reward_denoised	full	lateral-visual__ecn	mean-stimulation-minus-sham	27	0.02163955221	0.1482201943	0.02852498969	0.7586173542	0.4568354316	100000
smith09-reward_denoised	full	lateral-visual__left-fpn	both-minus-sham	27	-0.0184530686	0.1587186625	0.03054542084	-0.6041189839	0.5546644534	100000
smith09-reward_denoised	full	lateral-visual__left-fpn	both-minus-rtpj	27	-0.007330600117	0.1348788519	0.02595744715	-0.2824083614	0.7796322037	100000
smith09-reward_denoised	full	lateral-visual__left-fpn	both-minus-vlpfc	27	0.02732192611	0.1263604072	0.02431807171	1.123523544	0.2688573114	100000
smith09-reward_denoised	full	lateral-visual__left-fpn	rtpj-minus-vlpfc	27	0.03465252623	0.1414503571	0.02722213391	1.272954072	0.2149778502	100000
smith09-reward_denoised	full	lateral-visual__left-fpn	rtpj-minus-sham	27	-0.01112246848	0.1604286794	0.03087451374	-0.3602475676	0.7206227938	100000
smith09-reward_denoised	full	lateral-visual__left-fpn	vlpfc-minus-sham	27	-0.0457749947	0.1474667453	0.02837998837	-1.612932116	0.116398836	100000
smith09-reward_denoised	full	lateral-visual__left-fpn	both-minus-mean-rtpj-vlpfc	27	0.009995662996	0.1098980333	0.02114988637	0.4726107187	0.6385136149	100000
smith09-reward_denoised	full	lateral-visual__left-fpn	mean-stimulation-minus-sham	27	-0.02511684392	0.1349315823	0.02596759512	-0.9672379671	0.3416665833	100000
smith09-reward_denoised	full	lateral-visual__right-fpn	both-minus-sham	27	-0.01602522347	0.2226145707	0.0428421941	-0.374052352	0.7198328017	100000
smith09-reward_denoised	full	lateral-visual__right-fpn	both-minus-rtpj	27	-0.02285554421	0.209299576	0.04027972218	-0.5674206021	0.573804262	100000
smith09-reward_denoised	full	lateral-visual__right-fpn	both-minus-vlpfc	27	0.01954235218	0.1987391515	0.03824736754	0.5109463327	0.6453835462	100000
smith09-reward_denoised	full	lateral-visual__right-fpn	rtpj-minus-vlpfc	27	0.04239789639	0.1909852932	0.03675513681	1.153523019	0.2570274297	100000
smith09-reward_denoised	full	lateral-visual__right-fpn	rtpj-minus-sham	27	0.006830320736	0.154944211	0.02981902731	0.2290591395	0.8196418036	100000
smith09-reward_denoised	full	lateral-visual__right-fpn	vlpfc-minus-sham	27	-0.03556757565	0.1294478211	0.02491224479	-1.427714602	0.1648083519	100000
smith09-reward_denoised	full	lateral-visual__right-fpn	both-minus-mean-rtpj-vlpfc	27	-0.001656596015	0.1803688883	0.03471200874	-0.04772400317	0.9640803592	100000
smith09-reward_denoised	full	lateral-visual__right-fpn	mean-stimulation-minus-sham	27	-0.01492082613	0.1296088718	0.02494323902	-0.5981912022	0.5572944271	100000
smith09-reward_denoised	full	lateral-visual__sensorimotor	both-minus-sham	27	-0.004606208138	0.2124183445	0.04087992945	-0.1126765188	0.9106408936	100000
smith09-reward_denoised	full	lateral-visual__sensorimotor	both-minus-rtpj	27	0.02872049387	0.2234720679	0.04300721951	0.6678063402	0.5068849312	100000
smith09-reward_denoised	full	lateral-visual__sensorimotor	both-minus-vlpfc	27	0.002413205786	0.1597382282	0.03074163635	0.07849958794	0.9389306107	100000
smith09-reward_denoised	full	lateral-visual__sensorimotor	rtpj-minus-vlpfc	27	-0.02630728808	0.1732170267	0.03333563234	-0.7891642138	0.4348256517	100000
smith09-reward_denoised	full	lateral-visual__sensorimotor	rtpj-minus-sham	27	-0.03332670201	0.1270389657	0.02444866034	-1.363129985	0.1838681613	100000
smith09-reward_denoised	full	lateral-visual__sensorimotor	vlpfc-minus-sham	27	-0.007019413926	0.1729150551	0.03327751786	-0.2109356219	0.8349816502	100000
smith09-reward_denoised	full	lateral-visual__sensorimotor	both-minus-mean-rtpj-vlpfc	27	0.01556684983	0.1738591348	0.03345920609	0.465248631	0.646403536	100000
smith09-reward_denoised	full	lateral-visual__sensorimotor	mean-stimulation-minus-sham	27	-0.01498410802	0.1366341422	0.02629525293	-0.569840802	0.5750342497	100000
smith09-reward_denoised	full	left-fpn__brain-reward-signature	both-minus-sham	27	0.02800597789	0.1697099215	0.03266068962	0.8574827479	0.400795992	100000
smith09-reward_denoised	full	left-fpn__brain-reward-signature	both-minus-rtpj	27	-0.01056554782	0.1866969836	0.03592985126	-0.2940604386	0.7703322967	100000
smith09-reward_denoised	full	left-fpn__brain-reward-signature	both-minus-vlpfc	27	-0.03491687591	0.1077607159	0.02073855944	-1.683669303	0.1027789722	100000
smith09-reward_denoised	full	left-fpn__brain-reward-signature	rtpj-minus-vlpfc	27	-0.0243513281	0.1490692326	0.02868838718	-0.8488217877	0.3991560084	100000
smith09-reward_denoised	full	left-fpn__brain-reward-signature	rtpj-minus-sham	27	0.0385715257	0.1777030723	0.03419897221	1.127856284	0.2679573204	100000
smith09-reward_denoised	full	left-fpn__brain-reward-signature	vlpfc-minus-sham	27	0.0629228538	0.1437161298	0.02765818207	2.275017701	0.0299997	100000
smith09-reward_denoised	full	left-fpn__brain-reward-signature	both-minus-mean-rtpj-vlpfc	27	-0.02274121187	0.1329611175	0.025588379	-0.8887320244	0.3790462095	100000
smith09-reward_denoised	full	left-fpn__brain-reward-signature	mean-stimulation-minus-sham	27	0.0431667858	0.1392091649	0.02679081627	1.611253101	0.1197188028	100000
smith09-reward_denoised	full	occipital-pole__auditory	both-minus-sham	27	0.04688775939	0.2506383506	0.04823537306	0.9720617136	0.4025559744	100000
smith09-reward_denoised	full	occipital-pole__auditory	both-minus-rtpj	27	0.01654628165	0.2238447518	0.04307894257	0.3840921031	0.7032929671	100000
smith09-reward_denoised	full	occipital-pole__auditory	both-minus-vlpfc	27	0.04486303665	0.2524441193	0.04858289342	0.9234327867	0.4248057519	100000
smith09-reward_denoised	full	occipital-pole__auditory	rtpj-minus-vlpfc	27	0.028316755	0.2264453221	0.04357942256	0.6497735246	0.5225547745	100000
smith09-reward_denoised	full	occipital-pole__auditory	rtpj-minus-sham	27	0.03034147773	0.2349532869	0.04521678115	0.6710225044	0.5087449126	100000
smith09-reward_denoised	full	occipital-pole__auditory	vlpfc-minus-sham	27	0.002024722734	0.1746035696	0.03360247263	0.06025517101	0.9522304777	100000
smith09-reward_denoised	full	occipital-pole__auditory	both-minus-mean-rtpj-vlpfc	27	0.03070465915	0.2099949575	0.04041354841	0.7597615246	0.4816651833	100000
smith09-reward_denoised	full	occipital-pole__auditory	mean-stimulation-minus-sham	27	0.02641798661	0.1765141224	0.0339701587	0.7776821665	0.4579754202	100000
smith09-reward_denoised	full	occipital-pole__brain-reward-signature	both-minus-sham	27	-0.0167455255	0.1573512996	0.03028227172	-0.5529811518	0.5884741153	100000
smith09-reward_denoised	full	occipital-pole__brain-reward-signature	both-minus-rtpj	27	-0.001249242723	0.1796464476	0.03457297497	-0.03613350381	0.9711702883	100000
smith09-reward_denoised	full	occipital-pole__brain-reward-signature	both-minus-vlpfc	27	-0.005472318119	0.1242771137	0.02391714169	-0.2288031819	0.8193318067	100000
smith09-reward_denoised	full	occipital-pole__brain-reward-signature	rtpj-minus-vlpfc	27	-0.004223075396	0.14852649	0.02858393633	-0.1477429612	0.8838711613	100000
smith09-reward_denoised	full	occipital-pole__brain-reward-signature	rtpj-minus-sham	27	-0.01549628277	0.1337667148	0.02574341627	-0.6019512953	0.5536944631	100000
smith09-reward_denoised	full	occipital-pole__brain-reward-signature	vlpfc-minus-sham	27	-0.01127320737	0.113485428	0.02184028081	-0.5161658623	0.6165438346	100000
smith09-reward_denoised	full	occipital-pole__brain-reward-signature	both-minus-mean-rtpj-vlpfc	27	-0.003360780427	0.1354392632	0.02606529835	-0.1289369637	0.8966110339	100000
smith09-reward_denoised	full	occipital-pole__brain-reward-signature	mean-stimulation-minus-sham	27	-0.01450500522	0.1037186141	0.01996065659	-0.7266797639	0.4820751792	100000
smith09-reward_denoised	full	occipital-pole__dmn	both-minus-sham	27	0.03664924048	0.1781914964	0.03429296946	1.068710032	0.2956870431	100000
smith09-reward_denoised	full	occipital-pole__dmn	both-minus-rtpj	27	-0.01309853772	0.1263042327	0.02430726092	-0.5388734569	0.591104089	100000
smith09-reward_denoised	full	occipital-pole__dmn	both-minus-vlpfc	27	-0.008952066316	0.1446505757	0.02783801626	-0.3215770201	0.7466825332	100000
smith09-reward_denoised	full	occipital-pole__dmn	rtpj-minus-vlpfc	27	0.004146471396	0.129644747	0.02495014319	0.1661902845	0.8664413356	100000
smith09-reward_denoised	full	occipital-pole__dmn	rtpj-minus-sham	27	0.04974777821	0.1674361557	0.03222310319	1.543854356	0.1342586574	100000
smith09-reward_denoised	full	occipital-pole__dmn	vlpfc-minus-sham	27	0.0456013068	0.1564494374	0.03010870826	1.514555404	0.1442785572	100000
smith09-reward_denoised	full	occipital-pole__dmn	both-minus-mean-rtpj-vlpfc	27	-0.01102530202	0.1193161096	0.022962396	-0.4801459752	0.6352836472	100000
smith09-reward_denoised	full	occipital-pole__dmn	mean-stimulation-minus-sham	27	0.04399944183	0.148737725	0.02862458852	1.537120501	0.1359686403	100000
smith09-reward_denoised	full	occipital-pole__ecn	both-minus-sham	27	0.0761398538	0.2075820584	0.03994918576	1.905917539	0.06454935451	100000
smith09-reward_denoised	full	occipital-pole__ecn	both-minus-rtpj	27	0.04208134013	0.1619490681	0.0311671127	1.350184104	0.1910380896	100000
smith09-reward_denoised	full	occipital-pole__ecn	both-minus-vlpfc	27	0.02572374885	0.2323496957	0.04471571979	0.5752730577	0.6109638904	100000
smith09-reward_denoised	full	occipital-pole__ecn	rtpj-minus-vlpfc	27	-0.01635759128	0.1476595223	0.02841708831	-0.5756251697	0.5710542895	100000
smith09-reward_denoised	full	occipital-pole__ecn	rtpj-minus-sham	27	0.03405851368	0.1578490284	0.03037805968	1.121155006	0.2703172968	100000
smith09-reward_denoised	full	occipital-pole__ecn	vlpfc-minus-sham	27	0.05041610495	0.1286230583	0.02475351911	2.036724748	0.05154948451	100000
smith09-reward_denoised	full	occipital-pole__ecn	both-minus-mean-rtpj-vlpfc	27	0.03390254448	0.1861615085	0.03582679902	0.9462900792	0.376196238	100000
smith09-reward_denoised	full	occipital-pole__ecn	mean-stimulation-minus-sham	27	0.05353815747	0.1298008463	0.02498018452	2.143225061	0.0410295897	100000
smith09-reward_denoised	full	occipital-pole__lateral-visual	both-minus-sham	27	0.04062290444	0.2731475805	0.05256727638	0.7727793266	0.5136248638	100000
smith09-reward_denoised	full	occipital-pole__lateral-visual	both-minus-rtpj	27	0.02847859087	0.182504453	0.03512299836	0.8108245937	0.4241157588	100000
smith09-reward_denoised	full	occipital-pole__lateral-visual	both-minus-vlpfc	27	0.04599852642	0.2258961939	0.04347374279	1.058076059	0.3314766852	100000
smith09-reward_denoised	full	occipital-pole__lateral-visual	rtpj-minus-vlpfc	27	0.01751993555	0.184379459	0.03548384344	0.4937440213	0.6283637164	100000
smith09-reward_denoised	full	occipital-pole__lateral-visual	rtpj-minus-sham	27	0.01214431357	0.2228872551	0.04289467224	0.283119393	0.7876521235	100000
smith09-reward_denoised	full	occipital-pole__lateral-visual	vlpfc-minus-sham	27	-0.00537562198	0.175997863	0.03387080453	-0.1587096042	0.8778412216	100000
smith09-reward_denoised	full	occipital-pole__lateral-visual	both-minus-mean-rtpj-vlpfc	27	0.03723855865	0.1834926066	0.0353131686	1.054523288	0.317196828	100000
smith09-reward_denoised	full	occipital-pole__lateral-visual	mean-stimulation-minus-sham	27	0.01579719868	0.1964852215	0.0378135985	0.4177650186	0.7003529965	100000
smith09-reward_denoised	full	occipital-pole__left-fpn	both-minus-sham	27	-0.06155502344	0.1367975609	0.02632670288	-2.33812125	0.0260197398	100000
smith09-reward_denoised	full	occipital-pole__left-fpn	both-minus-rtpj	27	-0.03980379519	0.1440486931	0.02772218391	-1.435810228	0.1590084099	100000
smith09-reward_denoised	full	occipital-pole__left-fpn	both-minus-vlpfc	27	0.001131513082	0.1486791877	0.02861332301	0.03954497288	0.9699403006	100000
smith09-reward_denoised	full	occipital-pole__left-fpn	rtpj-minus-vlpfc	27	0.04093530827	0.1568145063	0.0301789658	1.356418525	0.1863381366	100000
smith09-reward_denoised	full	occipital-pole__left-fpn	rtpj-minus-sham	27	-0.02175122824	0.1694309298	0.03260699765	-0.6670724017	0.50800492	100000
smith09-reward_denoised	full	occipital-pole__left-fpn	vlpfc-minus-sham	27	-0.06268653651	0.1263734921	0.02432058989	-2.577508884	0.0151698483	100000
smith09-reward_denoised	full	occipital-pole__left-fpn	both-minus-mean-rtpj-vlpfc	27	-0.01933614106	0.1236125644	0.02378924911	-0.8128100628	0.4246457535	100000
smith09-reward_denoised	full	occipital-pole__left-fpn	mean-stimulation-minus-sham	27	-0.04866426272	0.1167740935	0.02247318478	-2.165436862	0.0407795922	100000
smith09-reward_denoised	full	occipital-pole__right-fpn	both-minus-sham	27	-0.05388031242	0.2151462844	0.04140492174	-1.30130212	0.2201577984	100000
smith09-reward_denoised	full	occipital-pole__right-fpn	both-minus-rtpj	27	-0.02220254595	0.1612072875	0.03102435695	-0.7156488687	0.4855351446	100000
smith09-reward_denoised	full	occipital-pole__right-fpn	both-minus-vlpfc	27	-0.02793009251	0.1820563481	0.03503676053	-0.7971653797	0.4966150338	100000
smith09-reward_denoised	full	occipital-pole__right-fpn	rtpj-minus-vlpfc	27	-0.005727546555	0.1359999316	0.02617319904	-0.2188324991	0.8285517145	100000
smith09-reward_denoised	full	occipital-pole__right-fpn	rtpj-minus-sham	27	-0.03167776648	0.14225182	0.02737637553	-1.157120541	0.2598074019	100000
smith09-reward_denoised	full	occipital-pole__right-fpn	vlpfc-minus-sham	27	-0.02595021992	0.1487551176	0.02862793574	-0.9064649354	0.3732062679	100000
smith09-reward_denoised	full	occipital-pole__right-fpn	both-minus-mean-rtpj-vlpfc	27	-0.02506631923	0.1579308595	0.03039380807	-0.8247179548	0.4562654373	100000
smith09-reward_denoised	full	occipital-pole__right-fpn	mean-stimulation-minus-sham	27	-0.03716943294	0.1446553307	0.02783893137	-1.335160192	0.1989880101	100000
smith09-reward_denoised	full	occipital-pole__sensorimotor	both-minus-sham	27	-0.007676150537	0.2269339158	0.04367345245	-0.1757623935	0.8844611554	100000
smith09-reward_denoised	full	occipital-pole__sensorimotor	both-minus-rtpj	27	0.04343195861	0.17424293	0.0335330675	1.2951979	0.2088279117	100000
smith09-reward_denoised	full	occipital-pole__sensorimotor	both-minus-vlpfc	27	0.05623573315	0.2549184178	0.04905907239	1.146286108	0.2974370256	100000
smith09-reward_denoised	full	occipital-pole__sensorimotor	rtpj-minus-vlpfc	27	0.01280377455	0.1643855924	0.031636022	0.4047213823	0.7000429996	100000
smith09-reward_denoised	full	occipital-pole__sensorimotor	rtpj-minus-sham	27	-0.05110810915	0.1534471591	0.02953091954	-1.730664332	0.09647903521	100000
smith09-reward_denoised	full	occipital-pole__sensorimotor	vlpfc-minus-sham	27	-0.0639118837	0.1484732973	0.02857369938	-2.236738157	0.0342596574	100000
smith09-reward_denoised	full	occipital-pole__sensorimotor	both-minus-mean-rtpj-vlpfc	27	0.04983384589	0.2022778868	0.03892839746	1.280141212	0.2264177358	100000
smith09-reward_denoised	full	occipital-pole__sensorimotor	mean-stimulation-minus-sham	27	-0.04089871447	0.1369920666	0.02636413552	-1.551301177	0.1325286747	100000
smith09-reward_denoised	full	primary-visual__auditory	both-minus-sham	27	8.327725519e-05	0.2080159932	0.04003269656	0.00208023097	0.998300017	100000
smith09-reward_denoised	full	primary-visual__auditory	both-minus-rtpj	27	0.00873317309	0.2098815967	0.04039173213	0.2162118986	0.8385616144	100000
smith09-reward_denoised	full	primary-visual__auditory	both-minus-vlpfc	27	0.0183233658	0.2362453767	0.04546544394	0.4030174174	0.6959930401	100000
smith09-reward_denoised	full	primary-visual__auditory	rtpj-minus-vlpfc	27	0.009590192707	0.1407915247	0.02709534157	0.3539424917	0.7334626654	100000
smith09-reward_denoised	full	primary-visual__auditory	rtpj-minus-sham	27	-0.008649895833	0.147902331	0.02846381686	-0.3038909319	0.7633923661	100000
smith09-reward_denoised	full	primary-visual__auditory	vlpfc-minus-sham	27	-0.01824008854	0.1247996996	0.02401771339	-0.7594431762	0.4518754812	100000
smith09-reward_denoised	full	primary-visual__auditory	both-minus-mean-rtpj-vlpfc	27	0.01352826945	0.2120743218	0.04081372226	0.3314637503	0.7564324357	100000
smith09-reward_denoised	full	primary-visual__auditory	mean-stimulation-minus-sham	27	-0.008935569043	0.1166560651	0.02245047021	-0.3980125566	0.6963430366	100000
smith09-reward_denoised	full	primary-visual__brain-reward-signature	both-minus-sham	27	0.01562420557	0.1503685635	0.02893844354	0.5399117456	0.5908740913	100000
smith09-reward_denoised	full	primary-visual__brain-reward-signature	both-minus-rtpj	27	0.01620454673	0.1700127654	0.03271897195	0.4952645441	0.6220837792	100000
smith09-reward_denoised	full	primary-visual__brain-reward-signature	both-minus-vlpfc	27	0.01166695663	0.1805916265	0.03475487473	0.3356926681	0.7507124929	100000
smith09-reward_denoised	full	primary-visual__brain-reward-signature	rtpj-minus-vlpfc	27	-0.004537590089	0.1497329879	0.02881612696	-0.1574670356	0.8747312527	100000
smith09-reward_denoised	full	primary-visual__brain-reward-signature	rtpj-minus-sham	27	-0.0005803411626	0.1544181934	0.02971779518	-0.01952840576	0.9845201548	100000
smith09-reward_denoised	full	primary-visual__brain-reward-signature	vlpfc-minus-sham	27	0.003957248931	0.1733684718	0.03336477796	0.1186055827	0.9071409286	100000
smith09-reward_denoised	full	primary-visual__brain-reward-signature	both-minus-mean-rtpj-vlpfc	27	0.01393575168	0.1585996408	0.0305225151	0.456572849	0.654703453	100000
smith09-reward_denoised	full	primary-visual__brain-reward-signature	mean-stimulation-minus-sham	27	0.006333704448	0.1271915823	0.02447803143	0.2587505644	0.7974320257	100000
smith09-reward_denoised	full	primary-visual__dmn	both-minus-sham	27	0.01761149412	0.1704590315	0.03280485591	0.5368563168	0.5942440576	100000
smith09-reward_denoised	full	primary-visual__dmn	both-minus-rtpj	27	0.04437041779	0.1599562493	0.03078359454	1.441365716	0.1628783712	100000
smith09-reward_denoised	full	primary-visual__dmn	both-minus-vlpfc	27	0.0181917881	0.1417961071	0.02728867354	0.6666424469	0.5126648734	100000
smith09-reward_denoised	full	primary-visual__dmn	rtpj-minus-vlpfc	27	-0.02617862968	0.1926585924	0.03707716339	-0.70605805	0.4870251297	100000
smith09-reward_denoised	full	primary-visual__dmn	rtpj-minus-sham	27	-0.02675892366	0.1678964013	0.0323116775	-0.8281502456	0.4122558774	100000
smith09-reward_denoised	full	primary-visual__dmn	vlpfc-minus-sham	27	-0.0005802939737	0.1511153308	0.02908215898	-0.01995360709	0.9834701653	100000
smith09-reward_denoised	full	primary-visual__dmn	both-minus-mean-rtpj-vlpfc	27	0.03128110295	0.1164763304	0.02241588024	1.395488493	0.1744882551	100000
smith09-reward_denoised	full	primary-visual__dmn	mean-stimulation-minus-sham	27	-0.003242574493	0.1322600585	0.02545346013	-0.1273922868	0.8967710323	100000
smith09-reward_denoised	full	primary-visual__ecn	both-minus-sham	27	0.02980147806	0.1601249027	0.03081605189	0.9670764498	0.3415165848	100000
smith09-reward_denoised	full	primary-visual__ecn	both-minus-rtpj	27	-0.03187269385	0.1507758494	0.02901682575	-1.098421107	0.2786572134	100000
smith09-reward_denoised	full	primary-visual__ecn	both-minus-vlpfc	27	0.02611191298	0.1652416537	0.03180077109	0.8211094286	0.4167458325	100000
smith09-reward_denoised	full	primary-visual__ecn	rtpj-minus-vlpfc	27	0.05798460683	0.2031156357	0.03908962231	1.48337598	0.1502284977	100000
smith09-reward_denoised	full	primary-visual__ecn	rtpj-minus-sham	27	0.06167417192	0.1516146092	0.02917824514	2.113703947	0.0437095629	100000
smith09-reward_denoised	full	primary-visual__ecn	vlpfc-minus-sham	27	0.00368956509	0.1733283764	0.03335706159	0.1106082165	0.9131808682	100000
smith09-reward_denoised	full	primary-visual__ecn	both-minus-mean-rtpj-vlpfc	27	-0.002880390445	0.1212645459	0.02333737273	-0.123423938	0.9023709763	100000
smith09-reward_denoised	full	primary-visual__ecn	mean-stimulation-minus-sham	27	0.03172173837	0.1268047398	0.02440358356	1.299880335	0.2023679763	100000
smith09-reward_denoised	full	primary-visual__lateral-visual	both-minus-sham	27	0.04067838808	0.2098778905	0.04039101887	1.007114681	0.323696763	100000
smith09-reward_denoised	full	primary-visual__lateral-visual	both-minus-rtpj	27	0.02298212564	0.1923749546	0.03702257728	0.6207597452	0.541904581	100000
smith09-reward_denoised	full	primary-visual__lateral-visual	both-minus-vlpfc	27	0.005320505526	0.2097569834	0.04036775027	0.1318008928	0.89700103	100000
smith09-reward_denoised	full	primary-visual__lateral-visual	rtpj-minus-vlpfc	27	-0.01766162011	0.2172208277	0.04180416778	-0.422484672	0.6753532465	100000
smith09-reward_denoised	full	primary-visual__lateral-visual	rtpj-minus-sham	27	0.01769626244	0.2164432773	0.04165452813	0.4248340632	0.6742132579	100000
smith09-reward_denoised	full	primary-visual__lateral-visual	vlpfc-minus-sham	27	0.03535788255	0.2107573483	0.0405602706	0.8717368506	0.3954060459	100000
smith09-reward_denoised	full	primary-visual__lateral-visual	both-minus-mean-rtpj-vlpfc	27	0.01415131558	0.169430917	0.03260699517	0.43399631	0.6705832942	100000
smith09-reward_denoised	full	primary-visual__lateral-visual	mean-stimulation-minus-sham	27	0.03124417769	0.1756746488	0.03380860192	0.9241487645	0.36599634	100000
smith09-reward_denoised	full	primary-visual__left-fpn	both-minus-sham	27	-0.04547091128	0.1498966274	0.0288476194	-1.576244842	0.1280187198	100000
smith09-reward_denoised	full	primary-visual__left-fpn	both-minus-rtpj	27	-0.02966126337	0.1999823503	0.03848662126	-0.7706902398	0.4447055529	100000
smith09-reward_denoised	full	primary-visual__left-fpn	both-minus-vlpfc	27	0.01231215142	0.1718138262	0.03306558628	0.3723554548	0.7110628894	100000
smith09-reward_denoised	full	primary-visual__left-fpn	rtpj-minus-vlpfc	27	0.04197341478	0.1789793083	0.03444458394	1.218578075	0.2349876501	100000
smith09-reward_denoised	full	primary-visual__left-fpn	rtpj-minus-sham	27	-0.01580964791	0.1541673506	0.02966952045	-0.5328582218	0.5998340017	100000
smith09-reward_denoised	full	primary-visual__left-fpn	vlpfc-minus-sham	27	-0.05778306269	0.1320303298	0.02540924882	-2.274095669	0.0302496975	100000
smith09-reward_denoised	full	primary-visual__left-fpn	both-minus-mean-rtpj-vlpfc	27	-0.008674555976	0.1635483643	0.03147489738	-0.2756023593	0.7862821372	100000
smith09-reward_denoised	full	primary-visual__left-fpn	mean-stimulation-minus-sham	27	-0.03968787396	0.09969910987	0.01918710264	-2.068466235	0.0477195228	100000
smith09-reward_denoised	full	primary-visual__occipital-pole	both-minus-sham	27	-0.03641711197	0.2019040731	0.03885645699	-0.9372216303	0.3589464105	100000
smith09-reward_denoised	full	primary-visual__occipital-pole	both-minus-rtpj	27	-0.03233818968	0.1802009454	0.03467968811	-0.9324821371	0.3575864241	100000
smith09-reward_denoised	full	primary-visual__occipital-pole	both-minus-vlpfc	27	-0.02570707026	0.2026589904	0.03900174088	-0.6591262258	0.5166248338	100000
smith09-reward_denoised	full	primary-visual__occipital-pole	rtpj-minus-vlpfc	27	0.006631119415	0.111267338	0.02141340918	0.309671354	0.7571624284	100000
smith09-reward_denoised	full	primary-visual__occipital-pole	rtpj-minus-sham	27	-0.004078922281	0.1609288383	0.03097076937	-0.1317023233	0.8951310487	100000
smith09-reward_denoised	full	primary-visual__occipital-pole	vlpfc-minus-sham	27	-0.0107100417	0.1730237523	0.03329843666	-0.3216379739	0.7488225118	100000
smith09-reward_denoised	full	primary-visual__occipital-pole	both-minus-mean-rtpj-vlpfc	27	-0.02902262997	0.1835113577	0.03531677726	-0.8217802478	0.4188858111	100000
smith09-reward_denoised	full	primary-visual__occipital-pole	mean-stimulation-minus-sham	27	-0.01706869198	0.1505095886	0.02896558382	-0.5892749161	0.5570544295	100000
smith09-reward_denoised	full	primary-visual__right-fpn	both-minus-sham	27	-0.05408001915	0.1449002954	0.02788607485	-1.939319874	0.06450935491	100000
smith09-reward_denoised	full	primary-visual__right-fpn	both-minus-rtpj	27	-0.04613963103	0.1709414886	0.03289770481	-1.402518239	0.1716482835	100000
smith09-reward_denoised	full	primary-visual__right-fpn	both-minus-vlpfc	27	-0.01921107924	0.1468954858	0.02827004942	-0.6795559128	0.5056849432	100000
smith09-reward_denoised	full	primary-visual__right-fpn	rtpj-minus-vlpfc	27	0.02692855178	0.1875737166	0.03609857858	0.745972635	0.4591254087	100000
smith09-reward_denoised	full	primary-visual__right-fpn	rtpj-minus-sham	27	-0.00794038812	0.1694706159	0.03261463523	-0.24346089	0.8109118909	100000
smith09-reward_denoised	full	primary-visual__right-fpn	vlpfc-minus-sham	27	-0.03486893991	0.1450914156	0.02792285595	-1.248759797	0.2190078099	100000
smith09-reward_denoised	full	primary-visual__right-fpn	both-minus-mean-rtpj-vlpfc	27	-0.03267535514	0.128855203	0.02479819538	-1.317650524	0.1984180158	100000
smith09-reward_denoised	full	primary-visual__right-fpn	mean-stimulation-minus-sham	27	-0.03229644906	0.1184720018	0.02279994738	-1.416514193	0.1699383006	100000
smith09-reward_denoised	full	primary-visual__sensorimotor	both-minus-sham	27	-0.01075902265	0.1673336138	0.03220336899	-0.3340961828	0.7394226058	100000
smith09-reward_denoised	full	primary-visual__sensorimotor	both-minus-rtpj	27	0.002857787057	0.1787138344	0.03439349347	0.08309092124	0.9324506755	100000
smith09-reward_denoised	full	primary-visual__sensorimotor	both-minus-vlpfc	27	-0.02560511985	0.1498066309	0.02883029955	-0.8881322861	0.3798662013	100000
smith09-reward_denoised	full	primary-visual__sensorimotor	rtpj-minus-vlpfc	27	-0.02846290691	0.1889590807	0.03636519203	-0.7826964555	0.4403655963	100000
smith09-reward_denoised	full	primary-visual__sensorimotor	rtpj-minus-sham	27	-0.01361680971	0.1331852621	0.02563151565	-0.5312526149	0.6042239578	100000
smith09-reward_denoised	full	primary-visual__sensorimotor	vlpfc-minus-sham	27	0.01484609719	0.1538735173	0.02961297221	0.5013376262	0.6191338087	100000
smith09-reward_denoised	full	primary-visual__sensorimotor	both-minus-mean-rtpj-vlpfc	27	-0.01137366641	0.1351441715	0.02600850793	-0.4373056094	0.6627333727	100000
smith09-reward_denoised	full	primary-visual__sensorimotor	mean-stimulation-minus-sham	27	-0.003176578385	0.1145821101	0.02205133737	-0.1440537747	0.8874211258	100000
smith09-reward_denoised	full	right-fpn__brain-reward-signature	both-minus-sham	27	-1.691542148e-05	0.1754347663	0.03376243652	-0.0005010130555	0.9995400046	100000
smith09-reward_denoised	full	right-fpn__brain-reward-signature	both-minus-rtpj	27	-0.002587905177	0.1949098326	0.03751041477	-0.06899164385	0.94500055	100000
smith09-reward_denoised	full	right-fpn__brain-reward-signature	both-minus-vlpfc	27	0.01127924724	0.1578101594	0.03037057934	0.3713872928	0.7116828832	100000
smith09-reward_denoised	full	right-fpn__brain-reward-signature	rtpj-minus-vlpfc	27	0.01386715242	0.1686680436	0.03246018013	0.4272050359	0.6721432786	100000
smith09-reward_denoised	full	right-fpn__brain-reward-signature	rtpj-minus-sham	27	0.002570989753	0.1483092724	0.02854213278	0.09007700205	0.9277507225	100000
smith09-reward_denoised	full	right-fpn__brain-reward-signature	vlpfc-minus-sham	27	-0.01129616267	0.1423578806	0.0273967869	-0.4123170614	0.6790532095	100000
smith09-reward_denoised	full	right-fpn__brain-reward-signature	both-minus-mean-rtpj-vlpfc	27	0.004345671029	0.155995889	0.03002142284	0.1447523341	0.8849411506	100000
smith09-reward_denoised	full	right-fpn__brain-reward-signature	mean-stimulation-minus-sham	27	-0.002914029443	0.1191513943	0.02293069652	-0.1270798486	0.9003409966	100000
smith09-reward_denoised	full	right-fpn__left-fpn	both-minus-sham	27	0.03319437601	0.2034675813	0.03915735428	0.8477175392	0.4030359696	100000
smith09-reward_denoised	full	right-fpn__left-fpn	both-minus-rtpj	27	0.04425056692	0.2513569398	0.04837366562	0.9147656343	0.3661763382	100000
smith09-reward_denoised	full	right-fpn__left-fpn	both-minus-vlpfc	27	0.03090872836	0.1956807265	0.03765877338	0.8207577036	0.4195558044	100000
smith09-reward_denoised	full	right-fpn__left-fpn	rtpj-minus-vlpfc	27	-0.01334183857	0.2101933612	0.04045173123	-0.3298212007	0.7435125649	100000
smith09-reward_denoised	full	right-fpn__left-fpn	rtpj-minus-sham	27	-0.01105619091	0.1837227162	0.03535745323	-0.3126976041	0.7587224128	100000
smith09-reward_denoised	full	right-fpn__left-fpn	vlpfc-minus-sham	27	0.002285647656	0.1567153051	0.03015987453	0.07578438874	0.9385406146	100000
smith09-reward_denoised	full	right-fpn__left-fpn	both-minus-mean-rtpj-vlpfc	27	0.03757964764	0.1992242874	0.03834073199	0.980149457	0.3355066449	100000
smith09-reward_denoised	full	right-fpn__left-fpn	mean-stimulation-minus-sham	27	0.008141277586	0.1305908934	0.02513222914	0.323937743	0.7476925231	100000
smith09-reward_denoised	full	sensorimotor__auditory	both-minus-sham	27	-6.392097074e-05	0.1906901099	0.03669832875	-0.001741795142	0.9986800132	100000
smith09-reward_denoised	full	sensorimotor__auditory	both-minus-rtpj	27	0.008318797277	0.1738022394	0.03344825657	0.2487064538	0.8072219278	100000
smith09-reward_denoised	full	sensorimotor__auditory	both-minus-vlpfc	27	-0.05144798345	0.1263089947	0.02430817736	-2.116488731	0.041599584	100000
smith09-reward_denoised	full	sensorimotor__auditory	rtpj-minus-vlpfc	27	-0.05976678072	0.1903004305	0.03662333493	-1.631931686	0.116098839	100000
smith09-reward_denoised	full	sensorimotor__auditory	rtpj-minus-sham	27	-0.008382718252	0.1805612302	0.03474902496	-0.241236071	0.8098119019	100000
smith09-reward_denoised	full	sensorimotor__auditory	vlpfc-minus-sham	27	0.05138406247	0.1810987834	0.03485247711	1.474330284	0.1522684773	100000
smith09-reward_denoised	full	sensorimotor__auditory	both-minus-mean-rtpj-vlpfc	27	-0.02156459308	0.1184357497	0.02279297066	-0.9461071751	0.3678363216	100000
smith09-reward_denoised	full	sensorimotor__auditory	mean-stimulation-minus-sham	27	0.01431247442	0.1573778543	0.03028738218	0.472555678	0.6357436426	100000
smith09-reward_denoised	full	sensorimotor__brain-reward-signature	both-minus-sham	27	-0.01628489965	0.1291385273	0.02485272116	-0.6552562012	0.5187348127	100000
smith09-reward_denoised	full	sensorimotor__brain-reward-signature	both-minus-rtpj	27	-0.005043267929	0.0942832272	0.01814481554	-0.2779453954	0.7839121609	100000
smith09-reward_denoised	full	sensorimotor__brain-reward-signature	both-minus-vlpfc	27	-0.01088502542	0.1410364739	0.02714248206	-0.401032794	0.6980230198	100000
smith09-reward_denoised	full	sensorimotor__brain-reward-signature	rtpj-minus-vlpfc	27	-0.005841757493	0.146132395	0.02812319253	-0.2077202824	0.8388816112	100000
smith09-reward_denoised	full	sensorimotor__brain-reward-signature	rtpj-minus-sham	27	-0.01124163173	0.1371304823	0.02639077362	-0.4259682529	0.6737532625	100000
smith09-reward_denoised	full	sensorimotor__brain-reward-signature	vlpfc-minus-sham	27	-0.005399874237	0.1645900802	0.0316753757	-0.1704754598	0.8642713573	100000
smith09-reward_denoised	full	sensorimotor__brain-reward-signature	both-minus-mean-rtpj-vlpfc	27	-0.007964146667	0.09514009532	0.01830971988	-0.4349682419	0.6654533455	100000
smith09-reward_denoised	full	sensorimotor__brain-reward-signature	mean-stimulation-minus-sham	27	-0.01097546854	0.1236388009	0.02379429834	-0.4612646435	0.6439935601	100000
smith09-reward_denoised	full	sensorimotor__ecn	both-minus-sham	27	-0.04470692031	0.2525244991	0.0485983625	-0.9199264751	0.3738262617	100000
smith09-reward_denoised	full	sensorimotor__ecn	both-minus-rtpj	27	-0.04846790541	0.1738139056	0.03345050174	-1.448944049	0.1599284007	100000
smith09-reward_denoised	full	sensorimotor__ecn	both-minus-vlpfc	27	-0.01712830056	0.2065995159	0.03976009538	-0.4307912342	0.6749832502	100000
smith09-reward_denoised	full	sensorimotor__ecn	rtpj-minus-vlpfc	27	0.03133960486	0.217813917	0.04191830787	0.7476352565	0.4641453585	100000
smith09-reward_denoised	full	sensorimotor__ecn	rtpj-minus-sham	27	0.003760985105	0.2248740352	0.04327702825	0.08690488364	0.931600684	100000
smith09-reward_denoised	full	sensorimotor__ecn	vlpfc-minus-sham	27	-0.02757861976	0.154319642	0.02969882894	-0.9286096704	0.3635663643	100000
smith09-reward_denoised	full	sensorimotor__ecn	both-minus-mean-rtpj-vlpfc	27	-0.03279810298	0.1568011201	0.03017638964	-1.086879623	0.2936370636	100000
smith09-reward_denoised	full	sensorimotor__ecn	mean-stimulation-minus-sham	27	-0.02284151833	0.1807751773	0.03479019909	-0.656550377	0.5255647444	100000
smith09-reward_denoised	full	sensorimotor__left-fpn	both-minus-sham	27	0.01891419108	0.1851263694	0.0356275864	0.5308861191	0.6015939841	100000
smith09-reward_denoised	full	sensorimotor__left-fpn	both-minus-rtpj	27	-0.03694267938	0.1999058505	0.03847189887	-0.9602510005	0.3434465655	100000
smith09-reward_denoised	full	sensorimotor__left-fpn	both-minus-vlpfc	27	-0.0334321163	0.1515312055	0.02916219409	-1.146419786	0.262897371	100000
smith09-reward_denoised	full	sensorimotor__left-fpn	rtpj-minus-vlpfc	27	0.003510563081	0.1804683992	0.03473115961	0.1010781995	0.9215607844	100000
smith09-reward_denoised	full	sensorimotor__left-fpn	rtpj-minus-sham	27	0.05585687044	0.2187627854	0.04210091768	1.326737599	0.1929180708	100000
smith09-reward_denoised	full	sensorimotor__left-fpn	vlpfc-minus-sham	27	0.05234630736	0.1807918034	0.03479339878	1.504489621	0.1442685573	100000
smith09-reward_denoised	full	sensorimotor__left-fpn	both-minus-mean-rtpj-vlpfc	27	-0.03518739784	0.1527082738	0.02938872099	-1.197309602	0.2418175818	100000
smith09-reward_denoised	full	sensorimotor__left-fpn	mean-stimulation-minus-sham	27	0.04237245629	0.1663166046	0.03200764549	1.323822969	0.1951380486	100000
smith09-reward_denoised	full	sensorimotor__right-fpn	both-minus-sham	27	0.02841695121	0.2036465678	0.03919180024	0.7250738939	0.4726352736	100000
smith09-reward_denoised	full	sensorimotor__right-fpn	both-minus-rtpj	27	0.01751970776	0.2253444571	0.04336756098	0.4039818555	0.6899331007	100000
smith09-reward_denoised	full	sensorimotor__right-fpn	both-minus-vlpfc	27	0.003431711486	0.1952817682	0.03758199382	0.09131265101	0.9271907281	100000
smith09-reward_denoised	full	sensorimotor__right-fpn	rtpj-minus-vlpfc	27	-0.01408799628	0.220748631	0.04248309385	-0.3316141788	0.753102469	100000
smith09-reward_denoised	full	sensorimotor__right-fpn	rtpj-minus-sham	27	0.01089724345	0.1896015266	0.0364888308	0.2986460024	0.7689123109	100000
smith09-reward_denoised	full	sensorimotor__right-fpn	vlpfc-minus-sham	27	0.02498523973	0.1656062479	0.03187093727	0.783950579	0.4402455975	100000
smith09-reward_denoised	full	sensorimotor__right-fpn	both-minus-mean-rtpj-vlpfc	27	0.01047570962	0.1796526013	0.03457415923	0.3029924619	0.7694523055	100000
smith09-reward_denoised	full	sensorimotor__right-fpn	mean-stimulation-minus-sham	27	0.02143314479	0.1401955884	0.02698065356	0.7943893852	0.4282157178	100000
smith09-reward_denoised	partial	auditory__brain-reward-signature	both-minus-sham	27	0.05133177446	0.1488457941	0.02864538643	1.791973538	0.08591914081	100000
smith09-reward_denoised	partial	auditory__brain-reward-signature	both-minus-rtpj	27	0.002099751212	0.1397977311	0.02690408589	0.07804581134	0.9386906131	100000
smith09-reward_denoised	partial	auditory__brain-reward-signature	both-minus-vlpfc	27	0.01267695017	0.1560581007	0.03003339549	0.4220951366	0.6745732543	100000
smith09-reward_denoised	partial	auditory__brain-reward-signature	rtpj-minus-vlpfc	27	0.01057719896	0.1592270991	0.03064326951	0.3451720109	0.7364326357	100000
smith09-reward_denoised	partial	auditory__brain-reward-signature	rtpj-minus-sham	27	0.04923202324	0.1376591285	0.02649251164	1.858337326	0.07514924851	100000
smith09-reward_denoised	partial	auditory__brain-reward-signature	vlpfc-minus-sham	27	0.03865482429	0.187934468	0.03616800523	1.068757429	0.2983470165	100000
smith09-reward_denoised	partial	auditory__brain-reward-signature	both-minus-mean-rtpj-vlpfc	27	0.007388350689	0.1249417902	0.02404505873	0.3072710601	0.761702383	100000
smith09-reward_denoised	partial	auditory__brain-reward-signature	mean-stimulation-minus-sham	27	0.04640620734	0.133342752	0.02566182458	1.808375207	0.08170918291	100000
smith09-reward_denoised	partial	auditory__ecn	both-minus-sham	27	-0.02600503151	0.1437036636	0.02765578296	-0.9403108041	0.3491765082	100000
smith09-reward_denoised	partial	auditory__ecn	both-minus-rtpj	27	0.001356720678	0.1392953636	0.02680740523	0.05060992165	0.961400386	100000
smith09-reward_denoised	partial	auditory__ecn	both-minus-vlpfc	27	0.01089685069	0.1585671194	0.03051625636	0.3570834693	0.7233327667	100000
smith09-reward_denoised	partial	auditory__ecn	rtpj-minus-vlpfc	27	0.009540130004	0.1446673873	0.02784125166	0.3426616777	0.7357126429	100000
smith09-reward_denoised	partial	auditory__ecn	rtpj-minus-sham	27	-0.02736175219	0.1409988605	0.02713524336	-1.008347404	0.3232567674	100000
smith09-reward_denoised	partial	auditory__ecn	vlpfc-minus-sham	27	-0.0369018822	0.173751437	0.03343847964	-1.10357536	0.2897171028	100000
smith09-reward_denoised	partial	auditory__ecn	both-minus-mean-rtpj-vlpfc	27	0.006126785686	0.1305419534	0.02512281065	0.2438734173	0.8089719103	100000
smith09-reward_denoised	partial	auditory__ecn	mean-stimulation-minus-sham	27	-0.0300895553	0.1276660434	0.02456934151	-1.224678947	0.233297667	100000
smith09-reward_denoised	partial	auditory__left-fpn	both-minus-sham	27	0.0009052206437	0.1702223678	0.03275930996	0.02763246981	0.9789702103	100000
smith09-reward_denoised	partial	auditory__left-fpn	both-minus-rtpj	27	-0.01277658981	0.1445515748	0.02781896354	-0.4592762701	0.6502134979	100000
smith09-reward_denoised	partial	auditory__left-fpn	both-minus-vlpfc	27	0.009200831156	0.163067518	0.03138235848	0.2931848211	0.7791622084	100000
smith09-reward_denoised	partial	auditory__left-fpn	rtpj-minus-vlpfc	27	0.02197742098	0.1598942791	0.03077166837	0.7142096007	0.4800651993	100000
smith09-reward_denoised	partial	auditory__left-fpn	rtpj-minus-sham	27	0.01368181046	0.1499728348	0.02886228551	0.4740376659	0.6442835572	100000
smith09-reward_denoised	partial	auditory__left-fpn	vlpfc-minus-sham	27	-0.008295610515	0.1268577804	0.02441379122	-0.3397919824	0.7365626344	100000
smith09-reward_denoised	partial	auditory__left-fpn	both-minus-mean-rtpj-vlpfc	27	-0.001787879321	0.13172525	0.02535053618	-0.07052629216	0.9461705383	100000
smith09-reward_denoised	partial	auditory__left-fpn	mean-stimulation-minus-sham	27	0.002097140186	0.120013357	0.02309658132	0.09079872719	0.9291407086	100000
smith09-reward_denoised	partial	auditory__right-fpn	both-minus-sham	27	0.01536470446	0.1449559401	0.02789678368	0.5507697459	0.5930340697	100000
smith09-reward_denoised	partial	auditory__right-fpn	both-minus-rtpj	27	-0.01720107904	0.1674975889	0.03223492601	-0.5336162096	0.600303997	100000
smith09-reward_denoised	partial	auditory__right-fpn	both-minus-vlpfc	27	0.001569952106	0.1259686367	0.02424267544	0.06475985334	0.947600524	100000
smith09-reward_denoised	partial	auditory__right-fpn	rtpj-minus-vlpfc	27	0.01877103115	0.1794733544	0.03453966316	0.5434630634	0.5902640974	100000
smith09-reward_denoised	partial	auditory__right-fpn	rtpj-minus-sham	27	0.03256578349	0.1540690944	0.02965061104	1.098317449	0.2804171958	100000
smith09-reward_denoised	partial	auditory__right-fpn	vlpfc-minus-sham	27	0.01379475235	0.1384384473	0.0266424916	0.5177726076	0.6096839032	100000
smith09-reward_denoised	partial	auditory__right-fpn	both-minus-mean-rtpj-vlpfc	27	-0.007815563466	0.1179368417	0.02269695577	-0.3443441291	0.7348726513	100000
smith09-reward_denoised	partial	auditory__right-fpn	mean-stimulation-minus-sham	27	0.0205750801	0.1133381948	0.02181194576	0.9432941164	0.3551264487	100000
smith09-reward_denoised	partial	dmn__auditory	both-minus-sham	27	-0.02832300108	0.1977761591	0.03806203956	-0.7441272567	0.463895361	100000
smith09-reward_denoised	partial	dmn__auditory	both-minus-rtpj	27	0.001432348549	0.1638691608	0.0315366347	0.04541856042	0.9634103659	100000
smith09-reward_denoised	partial	dmn__auditory	both-minus-vlpfc	27	0.00945384364	0.145738907	0.02804746573	0.3370658772	0.7401225988	100000
smith09-reward_denoised	partial	dmn__auditory	rtpj-minus-vlpfc	27	0.008021495093	0.1361988498	0.02621148087	0.3060298322	0.7607623924	100000
smith09-reward_denoised	partial	dmn__auditory	rtpj-minus-sham	27	-0.02975534963	0.1677518657	0.03228386161	-0.9216787631	0.3595164048	100000
smith09-reward_denoised	partial	dmn__auditory	vlpfc-minus-sham	27	-0.03777684473	0.183171428	0.03525135776	-1.071642261	0.2929670703	100000
smith09-reward_denoised	partial	dmn__auditory	both-minus-mean-rtpj-vlpfc	27	0.005443096092	0.1393159494	0.02681136697	0.2030144938	0.8408615914	100000
smith09-reward_denoised	partial	dmn__auditory	mean-stimulation-minus-sham	27	-0.03195173181	0.1618574651	0.03114948369	-1.025754781	0.3120068799	100000
smith09-reward_denoised	partial	dmn__brain-reward-signature	both-minus-sham	27	0.04286581592	0.1475726574	0.02840037115	1.509339991	0.1423585764	100000
smith09-reward_denoised	partial	dmn__brain-reward-signature	both-minus-rtpj	27	-0.01471983697	0.1248228806	0.02402217457	-0.6127603865	0.5473845262	100000
smith09-reward_denoised	partial	dmn__brain-reward-signature	both-minus-vlpfc	27	-0.0004759066741	0.1491167653	0.02869753486	-0.0165835385	0.9873801262	100000
smith09-reward_denoised	partial	dmn__brain-reward-signature	rtpj-minus-vlpfc	27	0.0142439303	0.1478415552	0.02845212057	0.5006280734	0.6223737763	100000
smith09-reward_denoised	partial	dmn__brain-reward-signature	rtpj-minus-sham	27	0.05758565291	0.1345605853	0.02589619672	2.223710822	0.0345696543	100000
smith09-reward_denoised	partial	dmn__brain-reward-signature	vlpfc-minus-sham	27	0.0433417226	0.1620628955	0.03118901879	1.389646879	0.1725482745	100000
smith09-reward_denoised	partial	dmn__brain-reward-signature	both-minus-mean-rtpj-vlpfc	27	-0.007597871823	0.1159482611	0.02231425324	-0.3404941111	0.7319526805	100000
smith09-reward_denoised	partial	dmn__brain-reward-signature	mean-stimulation-minus-sham	27	0.0479310638	0.1241737943	0.02389725785	2.005713966	0.05593944061	100000
smith09-reward_denoised	partial	dmn__ecn	both-minus-sham	27	0.01210444301	0.1428210303	0.02748592009	0.4403870409	0.6610333897	100000
smith09-reward_denoised	partial	dmn__ecn	both-minus-rtpj	27	-0.009788070673	0.1388399177	0.02671975461	-0.3663233744	0.7144528555	100000
smith09-reward_denoised	partial	dmn__ecn	both-minus-vlpfc	27	-0.02932634564	0.1496773182	0.02880541332	-1.018084529	0.3220567794	100000
smith09-reward_denoised	partial	dmn__ecn	rtpj-minus-vlpfc	27	-0.01953827497	0.1476568122	0.02841656676	-0.687566346	0.5100049	100000
smith09-reward_denoised	partial	dmn__ecn	rtpj-minus-sham	27	0.02189251368	0.1401888054	0.02697934818	0.811454507	0.4266457335	100000
smith09-reward_denoised	partial	dmn__ecn	vlpfc-minus-sham	27	0.04143078866	0.1844134599	0.03549038691	1.167380586	0.2551674483	100000
smith09-reward_denoised	partial	dmn__ecn	both-minus-mean-rtpj-vlpfc	27	-0.01955720815	0.1240535272	0.02387411244	-0.819180533	0.4236757632	100000
smith09-reward_denoised	partial	dmn__ecn	mean-stimulation-minus-sham	27	0.02514258178	0.1327884113	0.02555514168	0.9838560906	0.3310466895	100000
smith09-reward_denoised	partial	dmn__left-fpn	both-minus-sham	27	0.01776164216	0.182089308	0.03504310366	0.5068512861	0.6134938651	100000
smith09-reward_denoised	partial	dmn__left-fpn	both-minus-rtpj	27	8.602785556e-05	0.1872907294	0.03604411767	0.002386737729	0.9979800202	100000
smith09-reward_denoised	partial	dmn__left-fpn	both-minus-vlpfc	27	-0.02896223009	0.1840545383	0.03542131242	-0.8176498305	0.4190358096	100000
smith09-reward_denoised	partial	dmn__left-fpn	rtpj-minus-vlpfc	27	-0.02904825793	0.1428578162	0.02749299955	-1.056569251	0.299597004	100000
smith09-reward_denoised	partial	dmn__left-fpn	rtpj-minus-sham	27	0.01767561432	0.181326826	0.03489636393	0.5065173652	0.6188438116	100000
smith09-reward_denoised	partial	dmn__left-fpn	vlpfc-minus-sham	27	0.04672387225	0.2034848038	0.03916066875	1.193132644	0.2465375346	100000
smith09-reward_denoised	partial	dmn__left-fpn	both-minus-mean-rtpj-vlpfc	27	-0.01443810112	0.1713909457	0.03298420289	-0.4377277563	0.6649533505	100000
smith09-reward_denoised	partial	dmn__left-fpn	mean-stimulation-minus-sham	27	0.02738704291	0.1608877289	0.03096285786	0.8845127613	0.384296157	100000
smith09-reward_denoised	partial	dmn__right-fpn	both-minus-sham	27	-0.03124952198	0.1986616847	0.03823245904	-0.8173557957	0.4286757132	100000
smith09-reward_denoised	partial	dmn__right-fpn	both-minus-rtpj	27	-0.01227996026	0.1550803824	0.0298452335	-0.4114546551	0.6822131779	100000
smith09-reward_denoised	partial	dmn__right-fpn	both-minus-vlpfc	27	0.0355147046	0.2433660764	0.04683582324	0.7582807805	0.4513154868	100000
smith09-reward_denoised	partial	dmn__right-fpn	rtpj-minus-vlpfc	27	0.04779466486	0.1905775117	0.03667665922	1.303135724	0.204397956	100000
smith09-reward_denoised	partial	dmn__right-fpn	rtpj-minus-sham	27	-0.01896956171	0.1813176288	0.03489459394	-0.5436246585	0.590604094	100000
smith09-reward_denoised	partial	dmn__right-fpn	vlpfc-minus-sham	27	-0.06676422657	0.1828343856	0.03518649391	-1.897439021	0.06584934151	100000
smith09-reward_denoised	partial	dmn__right-fpn	both-minus-mean-rtpj-vlpfc	27	0.01161737217	0.1804398489	0.03472566512	0.3345471464	0.7381526185	100000
smith09-reward_denoised	partial	dmn__right-fpn	mean-stimulation-minus-sham	27	-0.03899443675	0.1482176028	0.02852449096	-1.3670511	0.1857181428	100000
smith09-reward_denoised	partial	dmn__sensorimotor	both-minus-sham	27	0.0422901057	0.1788978395	0.03442890526	1.228331409	0.2305876941	100000
smith09-reward_denoised	partial	dmn__sensorimotor	both-minus-rtpj	27	0.07084093849	0.1423700853	0.0273991357	2.585517269	0.0105298947	100000
smith09-reward_denoised	partial	dmn__sensorimotor	both-minus-vlpfc	27	0.00707737209	0.1484666144	0.02857241327	0.2476994864	0.8052719473	100000
smith09-reward_denoised	partial	dmn__sensorimotor	rtpj-minus-vlpfc	27	-0.0637635664	0.112698339	0.02168880545	-2.939929843	0.006439935601	100000
smith09-reward_denoised	partial	dmn__sensorimotor	rtpj-minus-sham	27	-0.02855083279	0.1960273364	0.03772547848	-0.7568050544	0.4534054659	100000
smith09-reward_denoised	partial	dmn__sensorimotor	vlpfc-minus-sham	27	0.03521273361	0.2014922598	0.03877720348	0.9080782124	0.3674163258	100000
smith09-reward_denoised	partial	dmn__sensorimotor	both-minus-mean-rtpj-vlpfc	27	0.03895915528	0.1340916086	0.0258059421	1.509697074	0.1416885831	100000
smith09-reward_denoised	partial	dmn__sensorimotor	mean-stimulation-minus-sham	27	0.01631733551	0.1757771192	0.03382832236	0.4823572195	0.6303236968	100000
smith09-reward_denoised	partial	ecn__brain-reward-signature	both-minus-sham	27	-0.009163362203	0.144997963	0.02790487098	-0.3283785905	0.7430325697	100000
smith09-reward_denoised	partial	ecn__brain-reward-signature	both-minus-rtpj	27	0.01326157218	0.1347211448	0.0259270964	0.5114946916	0.6148938511	100000
smith09-reward_denoised	partial	ecn__brain-reward-signature	both-minus-vlpfc	27	0.04160229519	0.1798869779	0.03461926504	1.20170937	0.2397776022	100000
smith09-reward_denoised	partial	ecn__brain-reward-signature	rtpj-minus-vlpfc	27	0.02834072302	0.1457691853	0.02805329278	1.010245864	0.322896771	100000
smith09-reward_denoised	partial	ecn__brain-reward-signature	rtpj-minus-sham	27	-0.02242493438	0.1232394401	0.0237174413	-0.9455039476	0.3531764682	100000
smith09-reward_denoised	partial	ecn__brain-reward-signature	vlpfc-minus-sham	27	-0.0507656574	0.1878109468	0.03614423357	-1.404529918	0.1736682633	100000
smith09-reward_denoised	partial	ecn__brain-reward-signature	both-minus-mean-rtpj-vlpfc	27	0.02743193368	0.1412175343	0.02717732715	1.009368343	0.3217567824	100000
smith09-reward_denoised	partial	ecn__brain-reward-signature	mean-stimulation-minus-sham	27	-0.027451318	0.1259180486	0.02423293976	-1.132810062	0.2686573134	100000
smith09-reward_denoised	partial	ecn__left-fpn	both-minus-sham	27	0.02988829145	0.1443855365	0.02778700945	1.07562102	0.2919270807	100000
smith09-reward_denoised	partial	ecn__left-fpn	both-minus-rtpj	27	-0.01862655608	0.1647829706	0.03171249748	-0.5873569591	0.5567144329	100000
smith09-reward_denoised	partial	ecn__left-fpn	both-minus-vlpfc	27	0.04732434758	0.1505041662	0.02896454028	1.63387187	0.1143088569	100000
smith09-reward_denoised	partial	ecn__left-fpn	rtpj-minus-vlpfc	27	0.06595090366	0.1517875715	0.02921153176	2.257700973	0.0331296687	100000
smith09-reward_denoised	partial	ecn__left-fpn	rtpj-minus-sham	27	0.04851484753	0.1478027722	0.02844465677	1.705587377	0.1011189888	100000
smith09-reward_denoised	partial	ecn__left-fpn	vlpfc-minus-sham	27	-0.01743605613	0.1549130817	0.02981303646	-0.5848467047	0.561804382	100000
smith09-reward_denoised	partial	ecn__left-fpn	both-minus-mean-rtpj-vlpfc	27	0.01434889573	0.1383567815	0.02662677502	0.538889735	0.5951440486	100000
smith09-reward_denoised	partial	ecn__left-fpn	mean-stimulation-minus-sham	27	0.02032236095	0.1188969293	0.02288172471	0.8881481272	0.3875161248	100000
smith09-reward_denoised	partial	ecn__right-fpn	both-minus-sham	27	-0.04499159548	0.142462595	0.02741693918	-1.641014527	0.1137688623	100000
smith09-reward_denoised	partial	ecn__right-fpn	both-minus-rtpj	27	-0.02982266669	0.1055464378	0.02031242143	-1.468198501	0.1572484275	100000
smith09-reward_denoised	partial	ecn__right-fpn	both-minus-vlpfc	27	-0.08904794703	0.1519919658	0.02925086745	-3.044283975	0.005739942601	100000
smith09-reward_denoised	partial	ecn__right-fpn	rtpj-minus-vlpfc	27	-0.05922528034	0.1697616679	0.03267064822	-1.812797834	0.08196918031	100000
smith09-reward_denoised	partial	ecn__right-fpn	rtpj-minus-sham	27	-0.0151689288	0.1418194201	0.02729316012	-0.5557776647	0.5847741523	100000
smith09-reward_denoised	partial	ecn__right-fpn	vlpfc-minus-sham	27	0.04405635154	0.1658410669	0.03191612821	1.38037895	0.1793382066	100000
smith09-reward_denoised	partial	ecn__right-fpn	both-minus-mean-rtpj-vlpfc	27	-0.05943530685	0.09957935589	0.01916405598	-3.101394972	0.0038599614	100000
smith09-reward_denoised	partial	ecn__right-fpn	mean-stimulation-minus-sham	27	-0.005368057587	0.1250218483	0.02406046593	-0.2231069674	0.8236917631	100000
smith09-reward_denoised	partial	lateral-visual__auditory	both-minus-sham	27	-0.0669563784	0.1637682443	0.03151721331	-2.124438406	0.0422895771	100000
smith09-reward_denoised	partial	lateral-visual__auditory	both-minus-rtpj	27	-0.04630900138	0.1540767872	0.02965209153	-1.561744855	0.1330786692	100000
smith09-reward_denoised	partial	lateral-visual__auditory	both-minus-vlpfc	27	-0.05020360576	0.1453006199	0.02796311735	-1.795350824	0.08384916151	100000
smith09-reward_denoised	partial	lateral-visual__auditory	rtpj-minus-vlpfc	27	-0.003894604374	0.1440289753	0.02771838921	-0.140506158	0.8912710873	100000
smith09-reward_denoised	partial	lateral-visual__auditory	rtpj-minus-sham	27	-0.02064737703	0.1706049241	0.03283293295	-0.6288617913	0.5342646574	100000
smith09-reward_denoised	partial	lateral-visual__auditory	vlpfc-minus-sham	27	-0.01675277265	0.1702868429	0.03277171819	-0.5111960427	0.6140538595	100000
smith09-reward_denoised	partial	lateral-visual__auditory	both-minus-mean-rtpj-vlpfc	27	-0.04825630357	0.1313007115	0.0252688337	-1.909716299	0.06581934181	100000
smith09-reward_denoised	partial	lateral-visual__auditory	mean-stimulation-minus-sham	27	-0.03478550936	0.1449807605	0.02790156036	-1.246722725	0.2229477705	100000
smith09-reward_denoised	partial	lateral-visual__brain-reward-signature	both-minus-sham	27	-0.004579615296	0.1282698189	0.02468553816	-0.1855181469	0.8549114509	100000
smith09-reward_denoised	partial	lateral-visual__brain-reward-signature	both-minus-rtpj	27	-0.02161995086	0.1190554201	0.02291222629	-0.9435988711	0.3552264477	100000
smith09-reward_denoised	partial	lateral-visual__brain-reward-signature	both-minus-vlpfc	27	0.03520141893	0.1418492435	0.02729889964	1.289481239	0.2069479305	100000
smith09-reward_denoised	partial	lateral-visual__brain-reward-signature	rtpj-minus-vlpfc	27	0.05682136979	0.1519527722	0.02924332464	1.943054372	0.06268937311	100000
smith09-reward_denoised	partial	lateral-visual__brain-reward-signature	rtpj-minus-sham	27	0.01704033557	0.137452652	0.02645277522	0.644179502	0.5212747873	100000
smith09-reward_denoised	partial	lateral-visual__brain-reward-signature	vlpfc-minus-sham	27	-0.03978103423	0.1228378834	0.02364016168	-1.682773357	0.1032389676	100000
smith09-reward_denoised	partial	lateral-visual__brain-reward-signature	both-minus-mean-rtpj-vlpfc	27	0.006790734038	0.106655001	0.0205257645	0.3308395181	0.7421525785	100000
smith09-reward_denoised	partial	lateral-visual__brain-reward-signature	mean-stimulation-minus-sham	27	-0.009106771321	0.1021553963	0.01965981518	-0.463217545	0.6409335907	100000
smith09-reward_denoised	partial	lateral-visual__dmn	both-minus-sham	27	-0.01831048713	0.1838284023	0.03537779252	-0.5175700863	0.6116138839	100000
smith09-reward_denoised	partial	lateral-visual__dmn	both-minus-rtpj	27	0.02775312257	0.2064144707	0.0397244834	0.6986402387	0.4932350676	100000
smith09-reward_denoised	partial	lateral-visual__dmn	both-minus-vlpfc	27	-0.01163279403	0.1860991278	0.03581479384	-0.3248041601	0.7485425146	100000
smith09-reward_denoised	partial	lateral-visual__dmn	rtpj-minus-vlpfc	27	-0.03938591659	0.1565511878	0.03012829015	-1.307273543	0.2035079649	100000
smith09-reward_denoised	partial	lateral-visual__dmn	rtpj-minus-sham	27	-0.04606360969	0.2090452753	0.040230782	-1.144984199	0.2636473635	100000
smith09-reward_denoised	partial	lateral-visual__dmn	vlpfc-minus-sham	27	-0.006677693094	0.191018978	0.03676161946	-0.1816485017	0.8554714453	100000
smith09-reward_denoised	partial	lateral-visual__dmn	both-minus-mean-rtpj-vlpfc	27	0.008060164266	0.180257707	0.03469061189	0.2323442519	0.8163618364	100000
smith09-reward_denoised	partial	lateral-visual__dmn	mean-stimulation-minus-sham	27	-0.02368392997	0.163365671	0.03143973805	-0.7533119369	0.4539254607	100000
smith09-reward_denoised	partial	lateral-visual__ecn	both-minus-sham	27	0.03672601662	0.1467134825	0.02823502288	1.300725584	0.2075279247	100000
smith09-reward_denoised	partial	lateral-visual__ecn	both-minus-rtpj	27	0.0001925537567	0.1638728258	0.03153734002	0.006105580132	0.995600044	100000
smith09-reward_denoised	partial	lateral-visual__ecn	both-minus-vlpfc	27	0.05414869641	0.1609045395	0.03096609307	1.748644761	0.09074909251	100000
smith09-reward_denoised	partial	lateral-visual__ecn	rtpj-minus-vlpfc	27	0.05395614266	0.1724752257	0.03319287267	1.625533987	0.1138788612	100000
smith09-reward_denoised	partial	lateral-visual__ecn	rtpj-minus-sham	27	0.03653346286	0.1280143755	0.02463637805	1.482907219	0.1494385056	100000
smith09-reward_denoised	partial	lateral-visual__ecn	vlpfc-minus-sham	27	-0.01742267979	0.1488150428	0.02863946834	-0.6083450848	0.5440145599	100000
smith09-reward_denoised	partial	lateral-visual__ecn	both-minus-mean-rtpj-vlpfc	27	0.02717062509	0.1376058177	0.02648225196	1.025993753	0.3249167508	100000
smith09-reward_denoised	partial	lateral-visual__ecn	mean-stimulation-minus-sham	27	0.01861226657	0.1041809603	0.02004963516	0.928309489	0.3627563724	100000
smith09-reward_denoised	partial	lateral-visual__left-fpn	both-minus-sham	27	0.02581684635	0.1406741838	0.02707275929	0.9536097181	0.3447165528	100000
smith09-reward_denoised	partial	lateral-visual__left-fpn	both-minus-rtpj	27	0.02950262602	0.1378453453	0.02652834906	1.112116926	0.275497245	100000
smith09-reward_denoised	partial	lateral-visual__left-fpn	both-minus-vlpfc	27	0.02547577684	0.1573670279	0.03028529863	0.8411928556	0.4040859591	100000
smith09-reward_denoised	partial	lateral-visual__left-fpn	rtpj-minus-vlpfc	27	-0.004026849181	0.1606590191	0.03091884265	-0.1302393245	0.8953810462	100000
smith09-reward_denoised	partial	lateral-visual__left-fpn	rtpj-minus-sham	27	-0.003685779679	0.1235859148	0.02378412039	-0.1549680887	0.8770412296	100000
smith09-reward_denoised	partial	lateral-visual__left-fpn	vlpfc-minus-sham	27	0.000341069507	0.1512722643	0.02911236084	0.01171562516	0.9904400956	100000
smith09-reward_denoised	partial	lateral-visual__left-fpn	both-minus-mean-rtpj-vlpfc	27	0.02748920143	0.1242176728	0.02390570227	1.149901439	0.2609473905	100000
smith09-reward_denoised	partial	lateral-visual__left-fpn	mean-stimulation-minus-sham	27	0.007490712059	0.1076315555	0.02071370251	0.3616307637	0.7181928181	100000
smith09-reward_denoised	partial	lateral-visual__right-fpn	both-minus-sham	27	-0.000785492367	0.1522005053	0.02929100089	-0.02681684965	0.978200218	100000
smith09-reward_denoised	partial	lateral-visual__right-fpn	both-minus-rtpj	27	-0.01257712203	0.1796862785	0.03458064042	-0.3637041384	0.7178628214	100000
smith09-reward_denoised	partial	lateral-visual__right-fpn	both-minus-vlpfc	27	0.01477002066	0.1342605847	0.02583846157	0.5716292596	0.572104279	100000
smith09-reward_denoised	partial	lateral-visual__right-fpn	rtpj-minus-vlpfc	27	0.02734714268	0.1641081954	0.03158263692	0.8658916843	0.3965560344	100000
smith09-reward_denoised	partial	lateral-visual__right-fpn	rtpj-minus-sham	27	0.01179162966	0.1440335265	0.02771926511	0.425394743	0.6739232608	100000
smith09-reward_denoised	partial	lateral-visual__right-fpn	vlpfc-minus-sham	27	-0.01555551303	0.1208000032	0.02324797146	-0.6691127035	0.5055649444	100000
smith09-reward_denoised	partial	lateral-visual__right-fpn	both-minus-mean-rtpj-vlpfc	27	0.00109644931	0.1357337714	0.02612197648	0.04197420935	0.9668103319	100000
smith09-reward_denoised	partial	lateral-visual__right-fpn	mean-stimulation-minus-sham	27	-0.001516458578	0.1044909943	0.02010930123	-0.07541080424	0.9411805882	100000
smith09-reward_denoised	partial	lateral-visual__sensorimotor	both-minus-sham	27	-0.0005884583663	0.1837520048	0.03536308981	-0.01664046806	0.9870401296	100000
smith09-reward_denoised	partial	lateral-visual__sensorimotor	both-minus-rtpj	27	-0.00433049239	0.1600707332	0.03080562696	-0.1405747202	0.8908710913	100000
smith09-reward_denoised	partial	lateral-visual__sensorimotor	both-minus-vlpfc	27	-0.01481706044	0.1874182664	0.03606866218	-0.4108014976	0.6823131769	100000
smith09-reward_denoised	partial	lateral-visual__sensorimotor	rtpj-minus-vlpfc	27	-0.01048656804	0.1334943709	0.02569100366	-0.4081805514	0.6833331667	100000
smith09-reward_denoised	partial	lateral-visual__sensorimotor	rtpj-minus-sham	27	0.003742034016	0.1388634815	0.02672428947	0.1400237046	0.890301097	100000
smith09-reward_denoised	partial	lateral-visual__sensorimotor	vlpfc-minus-sham	27	0.01422860206	0.1682122151	0.03237245589	0.4395280393	0.6633933661	100000
smith09-reward_denoised	partial	lateral-visual__sensorimotor	both-minus-mean-rtpj-vlpfc	27	-0.009573776416	0.160993591	0.03098323103	-0.3089986454	0.7586324137	100000
smith09-reward_denoised	partial	lateral-visual__sensorimotor	mean-stimulation-minus-sham	27	0.005794059233	0.1355895161	0.02609421454	0.222043826	0.8292317077	100000
smith09-reward_denoised	partial	left-fpn__brain-reward-signature	both-minus-sham	27	0.03936595911	0.1648838935	0.03173192009	1.240579171	0.2265177348	100000
smith09-reward_denoised	partial	left-fpn__brain-reward-signature	both-minus-rtpj	27	-0.002498067961	0.1698146714	0.03268084874	-0.07643828289	0.9383306167	100000
smith09-reward_denoised	partial	left-fpn__brain-reward-signature	both-minus-vlpfc	27	-0.01266630545	0.1221576908	0.02350925856	-0.5387794521	0.5964340357	100000
smith09-reward_denoised	partial	left-fpn__brain-reward-signature	rtpj-minus-vlpfc	27	-0.01016823748	0.1409981384	0.02713510439	-0.374726308	0.7107328927	100000
smith09-reward_denoised	partial	left-fpn__brain-reward-signature	rtpj-minus-sham	27	0.04186402709	0.1566335477	0.03014414031	1.388794859	0.1766082339	100000
smith09-reward_denoised	partial	left-fpn__brain-reward-signature	vlpfc-minus-sham	27	0.05203226457	0.1313136768	0.02527132889	2.058944538	0.0491595084	100000
smith09-reward_denoised	partial	left-fpn__brain-reward-signature	both-minus-mean-rtpj-vlpfc	27	-0.007582186708	0.1300370842	0.02502564852	-0.3029766322	0.7595124049	100000
smith09-reward_denoised	partial	left-fpn__brain-reward-signature	mean-stimulation-minus-sham	27	0.04442075026	0.1261622174	0.02427993005	1.829525462	0.07748922511	100000
smith09-reward_denoised	partial	occipital-pole__auditory	both-minus-sham	27	0.01767131008	0.1535582906	0.0295523068	0.5979671974	0.550804492	100000
smith09-reward_denoised	partial	occipital-pole__auditory	both-minus-rtpj	27	-0.00335525768	0.155918122	0.03000645656	-0.1118178574	0.9112108879	100000
smith09-reward_denoised	partial	occipital-pole__auditory	both-minus-vlpfc	27	0.01897424071	0.1286071519	0.02475045792	0.7666218044	0.4536554634	100000
smith09-reward_denoised	partial	occipital-pole__auditory	rtpj-minus-vlpfc	27	0.02232949838	0.1500565696	0.02887840029	0.773224907	0.4476455235	100000
smith09-reward_denoised	partial	occipital-pole__auditory	rtpj-minus-sham	27	0.02102656776	0.1796012096	0.03456426889	0.60833249	0.5496445036	100000
smith09-reward_denoised	partial	occipital-pole__auditory	vlpfc-minus-sham	27	-0.001302930624	0.1554427147	0.02991496439	-0.04355447686	0.9648403516	100000
smith09-reward_denoised	partial	occipital-pole__auditory	both-minus-mean-rtpj-vlpfc	27	0.007809491515	0.1216383435	0.02340931012	0.3336062222	0.7422625774	100000
smith09-reward_denoised	partial	occipital-pole__auditory	mean-stimulation-minus-sham	27	0.0124649824	0.1400913621	0.0269605952	0.4623407721	0.6496335037	100000
smith09-reward_denoised	partial	occipital-pole__brain-reward-signature	both-minus-sham	27	-0.02628149525	0.1548252245	0.02979612835	-0.8820439668	0.3905360946	100000
smith09-reward_denoised	partial	occipital-pole__brain-reward-signature	both-minus-rtpj	27	-0.01140208751	0.1413541975	0.02720362799	-0.4191384882	0.6820131799	100000
smith09-reward_denoised	partial	occipital-pole__brain-reward-signature	both-minus-vlpfc	27	-0.02389752963	0.1403117836	0.02700301535	-0.8849948543	0.3825861741	100000
smith09-reward_denoised	partial	occipital-pole__brain-reward-signature	rtpj-minus-vlpfc	27	-0.01249544212	0.1588018222	0.03056142494	-0.4088632041	0.685303147	100000
smith09-reward_denoised	partial	occipital-pole__brain-reward-signature	rtpj-minus-sham	27	-0.01487940774	0.1484108173	0.0285616751	-0.520957111	0.6111738883	100000
smith09-reward_denoised	partial	occipital-pole__brain-reward-signature	vlpfc-minus-sham	27	-0.002383965618	0.1212824362	0.02334081573	-0.1021372023	0.9185408146	100000
smith09-reward_denoised	partial	occipital-pole__brain-reward-signature	both-minus-mean-rtpj-vlpfc	27	-0.01764980857	0.1163172309	0.02238526152	-0.7884566619	0.4443255567	100000
smith09-reward_denoised	partial	occipital-pole__brain-reward-signature	mean-stimulation-minus-sham	27	-0.01451495621	0.1141303962	0.02196440498	-0.6608399462	0.5167648324	100000
smith09-reward_denoised	partial	occipital-pole__dmn	both-minus-sham	27	0.01108547502	0.1731429486	0.03332137599	0.332683591	0.7440925591	100000
smith09-reward_denoised	partial	occipital-pole__dmn	both-minus-rtpj	27	-0.01742193366	0.1157920611	0.02228419255	-0.7818068178	0.4416555834	100000
smith09-reward_denoised	partial	occipital-pole__dmn	both-minus-vlpfc	27	-0.01607066385	0.1532740807	0.02949761059	-0.5448123942	0.5886641134	100000
smith09-reward_denoised	partial	occipital-pole__dmn	rtpj-minus-vlpfc	27	0.001351269819	0.1408863985	0.02711360004	0.04983734425	0.9602703973	100000
smith09-reward_denoised	partial	occipital-pole__dmn	rtpj-minus-sham	27	0.02850740868	0.1821618433	0.03505706309	0.8131716171	0.4241457585	100000
smith09-reward_denoised	partial	occipital-pole__dmn	vlpfc-minus-sham	27	0.02715613886	0.1942424099	0.03738196922	0.726450196	0.4712852871	100000
smith09-reward_denoised	partial	occipital-pole__dmn	both-minus-mean-rtpj-vlpfc	27	-0.01674629875	0.1161384015	0.02235084578	-0.7492467583	0.4578054219	100000
smith09-reward_denoised	partial	occipital-pole__dmn	mean-stimulation-minus-sham	27	0.02224967419	0.1653027096	0.0318125213	0.6993998992	0.4892351076	100000
smith09-reward_denoised	partial	occipital-pole__ecn	both-minus-sham	27	0.03063683149	0.1687157853	0.03246936802	0.9435610659	0.3512864871	100000
smith09-reward_denoised	partial	occipital-pole__ecn	both-minus-rtpj	27	0.02098222702	0.1305577621	0.02512585304	0.8350851605	0.4125458745	100000
smith09-reward_denoised	partial	occipital-pole__ecn	both-minus-vlpfc	27	0.0004764607996	0.1668314503	0.03210672757	0.01483990539	0.9884201158	100000
smith09-reward_denoised	partial	occipital-pole__ecn	rtpj-minus-vlpfc	27	-0.02050576622	0.162445627	0.0312626755	-0.6559184679	0.5170148299	100000
smith09-reward_denoised	partial	occipital-pole__ecn	rtpj-minus-sham	27	0.009654604477	0.1650025388	0.0317547534	0.3040365125	0.7613623864	100000
smith09-reward_denoised	partial	occipital-pole__ecn	vlpfc-minus-sham	27	0.0301603707	0.1447420126	0.02785561331	1.082739424	0.2881771182	100000
smith09-reward_denoised	partial	occipital-pole__ecn	both-minus-mean-rtpj-vlpfc	27	0.01072934391	0.1258645526	0.02422264443	0.4429468441	0.659703403	100000
smith09-reward_denoised	partial	occipital-pole__ecn	mean-stimulation-minus-sham	27	0.02348393556	0.1327724322	0.0255520665	0.9190620869	0.3657463425	100000
smith09-reward_denoised	partial	occipital-pole__lateral-visual	both-minus-sham	27	0.04080138763	0.201872047	0.03885029356	1.050220832	0.3290767092	100000
smith09-reward_denoised	partial	occipital-pole__lateral-visual	both-minus-rtpj	27	0.02889103481	0.1037278472	0.01996243351	1.447270183	0.1604483955	100000
smith09-reward_denoised	partial	occipital-pole__lateral-visual	both-minus-vlpfc	27	0.01552089718	0.1437489553	0.02766449934	0.5610402339	0.5832941671	100000
smith09-reward_denoised	partial	occipital-pole__lateral-visual	rtpj-minus-vlpfc	27	-0.01337013763	0.124679174	0.02399451823	-0.55721634	0.5811741883	100000
smith09-reward_denoised	partial	occipital-pole__lateral-visual	rtpj-minus-sham	27	0.01191035282	0.194346241	0.03740195152	0.3184420153	0.7662223378	100000
smith09-reward_denoised	partial	occipital-pole__lateral-visual	vlpfc-minus-sham	27	0.02528049045	0.165322666	0.0318163619	0.7945751474	0.4346356536	100000
smith09-reward_denoised	partial	occipital-pole__lateral-visual	both-minus-mean-rtpj-vlpfc	27	0.022205966	0.1087446096	0.02092790987	1.061069459	0.3005869941	100000
smith09-reward_denoised	partial	occipital-pole__lateral-visual	mean-stimulation-minus-sham	27	0.0259974103	0.173395816	0.03337004035	0.7790643951	0.4658753412	100000
smith09-reward_denoised	partial	occipital-pole__left-fpn	both-minus-sham	27	-0.05910846658	0.1494332423	0.02875844089	-2.055343223	0.048799512	100000
smith09-reward_denoised	partial	occipital-pole__left-fpn	both-minus-rtpj	27	-0.05653249032	0.1346517937	0.02591374978	-2.181563487	0.0390096099	100000
smith09-reward_denoised	partial	occipital-pole__left-fpn	both-minus-vlpfc	27	-0.02305656739	0.1749215342	0.03366366496	-0.6849096028	0.5156348437	100000
smith09-reward_denoised	partial	occipital-pole__left-fpn	rtpj-minus-vlpfc	27	0.03347592293	0.1748543591	0.03365073711	0.9948050416	0.3267767322	100000
smith09-reward_denoised	partial	occipital-pole__left-fpn	rtpj-minus-sham	27	-0.002575976253	0.140567261	0.02705218198	-0.0952224946	0.9251807482	100000
smith09-reward_denoised	partial	occipital-pole__left-fpn	vlpfc-minus-sham	27	-0.03605189919	0.1431464204	0.02754854144	-1.308668165	0.2022379776	100000
smith09-reward_denoised	partial	occipital-pole__left-fpn	both-minus-mean-rtpj-vlpfc	27	-0.03979452886	0.1293089812	0.02488552503	-1.599103447	0.122498775	100000
smith09-reward_denoised	partial	occipital-pole__left-fpn	mean-stimulation-minus-sham	27	-0.03257878067	0.1097665926	0.0211245906	-1.542220689	0.1333486665	100000
smith09-reward_denoised	partial	occipital-pole__right-fpn	both-minus-sham	27	0.02218731928	0.1414449739	0.02722109792	0.8150780453	0.4209857901	100000
smith09-reward_denoised	partial	occipital-pole__right-fpn	both-minus-rtpj	27	0.007206453467	0.09923847776	0.01909845395	0.3773317718	0.7072929271	100000
smith09-reward_denoised	partial	occipital-pole__right-fpn	both-minus-vlpfc	27	0.02355144313	0.143558382	0.0276278235	0.8524538001	0.3979260207	100000
smith09-reward_denoised	partial	occipital-pole__right-fpn	rtpj-minus-vlpfc	27	0.01634498966	0.134093978	0.02580639809	0.633369663	0.5336746633	100000
smith09-reward_denoised	partial	occipital-pole__right-fpn	rtpj-minus-sham	27	0.01498086581	0.1151851487	0.0221673922	0.675806413	0.5033249668	100000
smith09-reward_denoised	partial	occipital-pole__right-fpn	vlpfc-minus-sham	27	-0.001364123852	0.1361735246	0.02620660703	-0.0520526694	0.9594804052	100000
smith09-reward_denoised	partial	occipital-pole__right-fpn	both-minus-mean-rtpj-vlpfc	27	0.0153789483	0.103601851	0.01993818552	0.7713313874	0.4496055039	100000
smith09-reward_denoised	partial	occipital-pole__right-fpn	mean-stimulation-minus-sham	27	0.01193468708	0.1090433677	0.02098540589	0.568713664	0.5755242448	100000
smith09-reward_denoised	partial	occipital-pole__sensorimotor	both-minus-sham	27	0.01087165491	0.1822566837	0.03507531514	0.3099517387	0.7878221218	100000
smith09-reward_denoised	partial	occipital-pole__sensorimotor	both-minus-rtpj	27	0.06233213546	0.1311509551	0.02524001308	2.469576195	0.0200897991	100000
smith09-reward_denoised	partial	occipital-pole__sensorimotor	both-minus-vlpfc	27	0.06614809773	0.226523343	0.0435944377	1.517351782	0.1391486085	100000
smith09-reward_denoised	partial	occipital-pole__sensorimotor	rtpj-minus-vlpfc	27	0.003815962274	0.1674914138	0.03223373761	0.118384108	0.9109808902	100000
smith09-reward_denoised	partial	occipital-pole__sensorimotor	rtpj-minus-sham	27	-0.05146048055	0.1228662706	0.0236456248	-2.176321454	0.039899601	100000
smith09-reward_denoised	partial	occipital-pole__sensorimotor	vlpfc-minus-sham	27	-0.05527644282	0.1295187606	0.0249258971	-2.217631028	0.0352696473	100000
smith09-reward_denoised	partial	occipital-pole__sensorimotor	both-minus-mean-rtpj-vlpfc	27	0.0642401166	0.1650556136	0.03176496764	2.022357376	0.0444895551	100000
smith09-reward_denoised	partial	occipital-pole__sensorimotor	mean-stimulation-minus-sham	27	-0.03195508949	0.104721543	0.02015367034	-1.585571707	0.1252587474	100000
smith09-reward_denoised	partial	primary-visual__auditory	both-minus-sham	27	-0.00863872495	0.1756059018	0.03379537155	-0.2556185819	0.8057519425	100000
smith09-reward_denoised	partial	primary-visual__auditory	both-minus-rtpj	27	-0.005897449891	0.1837942227	0.03537121465	-0.1667302056	0.8784212158	100000
smith09-reward_denoised	partial	primary-visual__auditory	both-minus-vlpfc	27	0.01056620183	0.2131147631	0.04101395528	0.2576245514	0.8136518635	100000
smith09-reward_denoised	partial	primary-visual__auditory	rtpj-minus-vlpfc	27	0.01646365172	0.1496064594	0.02879177653	0.571817849	0.5759342407	100000
smith09-reward_denoised	partial	primary-visual__auditory	rtpj-minus-sham	27	-0.002741275059	0.1438034976	0.02767499602	-0.09905241022	0.920600794	100000
smith09-reward_denoised	partial	primary-visual__auditory	vlpfc-minus-sham	27	-0.01920492678	0.1336585734	0.02572260444	-0.7466167289	0.4612653873	100000
smith09-reward_denoised	partial	primary-visual__auditory	both-minus-mean-rtpj-vlpfc	27	0.002334375968	0.1844006131	0.03548791453	0.0657794632	0.9558404416	100000
smith09-reward_denoised	partial	primary-visual__auditory	mean-stimulation-minus-sham	27	-0.01019497559	0.1088138918	0.02094124325	-0.4868371698	0.6342836572	100000
smith09-reward_denoised	partial	primary-visual__brain-reward-signature	both-minus-sham	27	0.01966654663	0.1348401314	0.02594999538	0.7578632035	0.4541254587	100000
smith09-reward_denoised	partial	primary-visual__brain-reward-signature	both-minus-rtpj	27	0.03805971161	0.1223780833	0.0235516731	1.616008826	0.1193788062	100000
smith09-reward_denoised	partial	primary-visual__brain-reward-signature	both-minus-vlpfc	27	0.009088981931	0.1708009636	0.03287066077	0.27650743	0.7883921161	100000
smith09-reward_denoised	partial	primary-visual__brain-reward-signature	rtpj-minus-vlpfc	27	-0.02897072968	0.1364289311	0.02625576003	-1.103404725	0.2812871871	100000
smith09-reward_denoised	partial	primary-visual__brain-reward-signature	rtpj-minus-sham	27	-0.01839316498	0.1383356908	0.02662271611	-0.6908823615	0.4966350336	100000
smith09-reward_denoised	partial	primary-visual__brain-reward-signature	vlpfc-minus-sham	27	0.01057756469	0.1733657125	0.03336424693	0.317032922	0.7548124519	100000
smith09-reward_denoised	partial	primary-visual__brain-reward-signature	both-minus-mean-rtpj-vlpfc	27	0.02357434677	0.1319904122	0.02540156667	0.9280666457	0.3617663823	100000
smith09-reward_denoised	partial	primary-visual__brain-reward-signature	mean-stimulation-minus-sham	27	0.003950315444	0.1244368052	0.02394787432	0.1649547426	0.8697413026	100000
smith09-reward_denoised	partial	primary-visual__dmn	both-minus-sham	27	0.006969557542	0.1427728679	0.02747665124	0.2536538198	0.8008219918	100000
smith09-reward_denoised	partial	primary-visual__dmn	both-minus-rtpj	27	0.01765795976	0.1043366308	0.02007959396	0.8793982482	0.3835361646	100000
smith09-reward_denoised	partial	primary-visual__dmn	both-minus-vlpfc	27	0.03375821264	0.1263261052	0.02431147028	1.388571413	0.1796682033	100000
smith09-reward_denoised	partial	primary-visual__dmn	rtpj-minus-vlpfc	27	0.01610025289	0.1622247636	0.03122017031	0.5157003544	0.6106738933	100000
smith09-reward_denoised	partial	primary-visual__dmn	rtpj-minus-sham	27	-0.01068840221	0.1649387097	0.03174246949	-0.3367224538	0.7422525775	100000
smith09-reward_denoised	partial	primary-visual__dmn	vlpfc-minus-sham	27	-0.0267886551	0.1640564297	0.03157267462	-0.8484759502	0.407295927	100000
smith09-reward_denoised	partial	primary-visual__dmn	both-minus-mean-rtpj-vlpfc	27	0.0257080862	0.08272236828	0.0159199272	1.61483692	0.1210687893	100000
smith09-reward_denoised	partial	primary-visual__dmn	mean-stimulation-minus-sham	27	-0.01016916659	0.137577798	0.02647685956	-0.3840775211	0.7055729443	100000
smith09-reward_denoised	partial	primary-visual__ecn	both-minus-sham	27	-0.01554744269	0.1330883596	0.02561286676	-0.6070168887	0.5469945301	100000
smith09-reward_denoised	partial	primary-visual__ecn	both-minus-rtpj	27	-0.07057056684	0.1435224811	0.02762091437	-2.554968525	0.0179798202	100000
smith09-reward_denoised	partial	primary-visual__ecn	both-minus-vlpfc	27	-0.04452664779	0.1300548238	0.02502906251	-1.778997826	0.08762912371	100000
smith09-reward_denoised	partial	primary-visual__ecn	rtpj-minus-vlpfc	27	0.02604391905	0.1468603115	0.02826328013	0.9214754597	0.364596354	100000
smith09-reward_denoised	partial	primary-visual__ecn	rtpj-minus-sham	27	0.05502312415	0.1386927295	0.02669142824	2.061452974	0.0488895111	100000
smith09-reward_denoised	partial	primary-visual__ecn	vlpfc-minus-sham	27	0.0289792051	0.1430944402	0.02753853786	1.052314587	0.3036769632	100000
smith09-reward_denoised	partial	primary-visual__ecn	both-minus-mean-rtpj-vlpfc	27	-0.05754860731	0.1156048966	0.02224817272	-2.586666691	0.0156398436	100000
smith09-reward_denoised	partial	primary-visual__ecn	mean-stimulation-minus-sham	27	0.02281829551	0.1121465805	0.02158261948	1.057253293	0.2996370036	100000
smith09-reward_denoised	partial	primary-visual__lateral-visual	both-minus-sham	27	0.02867910195	0.206858024	0.03980984529	0.7204022458	0.4756652433	100000
smith09-reward_denoised	partial	primary-visual__lateral-visual	both-minus-rtpj	27	-0.0144114345	0.1993277497	0.03836064332	-0.3756828159	0.7136328637	100000
smith09-reward_denoised	partial	primary-visual__lateral-visual	both-minus-vlpfc	27	-0.005521183538	0.206998574	0.03983689415	-0.1385947287	0.8915610844	100000
smith09-reward_denoised	partial	primary-visual__lateral-visual	rtpj-minus-vlpfc	27	0.008890250963	0.1904972244	0.03666120793	0.2424974916	0.8084619154	100000
smith09-reward_denoised	partial	primary-visual__lateral-visual	rtpj-minus-sham	27	0.04309053645	0.2087462721	0.04017323879	1.072617935	0.2913670863	100000
smith09-reward_denoised	partial	primary-visual__lateral-visual	vlpfc-minus-sham	27	0.03420028549	0.2399963267	0.04618731461	0.7404692344	0.4666853331	100000
smith09-reward_denoised	partial	primary-visual__lateral-visual	both-minus-mean-rtpj-vlpfc	27	-0.00996630902	0.1794928483	0.03454341477	-0.2885154548	0.777302227	100000
smith09-reward_denoised	partial	primary-visual__lateral-visual	mean-stimulation-minus-sham	27	0.03532330797	0.1864943554	0.03589085542	0.9841868507	0.3314466855	100000
smith09-reward_denoised	partial	primary-visual__left-fpn	both-minus-sham	27	-0.004576052534	0.192444942	0.03703604636	-0.1235567234	0.9046709533	100000
smith09-reward_denoised	partial	primary-visual__left-fpn	both-minus-rtpj	27	-0.02005478805	0.1847934992	0.0355635255	-0.5639145097	0.5750142499	100000
smith09-reward_denoised	partial	primary-visual__left-fpn	both-minus-vlpfc	27	0.01977367692	0.1679605985	0.03232403226	0.6117329905	0.539704603	100000
smith09-reward_denoised	partial	primary-visual__left-fpn	rtpj-minus-vlpfc	27	0.03982846497	0.1260461697	0.02425759667	1.641896578	0.1127088729	100000
smith09-reward_denoised	partial	primary-visual__left-fpn	rtpj-minus-sham	27	0.01547873551	0.1141027024	0.02195907532	0.7048901322	0.4857551424	100000
smith09-reward_denoised	partial	primary-visual__left-fpn	vlpfc-minus-sham	27	-0.02434972946	0.1356711208	0.02610991938	-0.9325853942	0.3624363756	100000
smith09-reward_denoised	partial	primary-visual__left-fpn	both-minus-mean-rtpj-vlpfc	27	-0.0001405555693	0.1649478426	0.03174422711	-0.004427752132	0.9966400336	100000
smith09-reward_denoised	partial	primary-visual__left-fpn	mean-stimulation-minus-sham	27	-0.004482348821	0.1188539577	0.02287345483	-0.1959629122	0.84600154	100000
smith09-reward_denoised	partial	primary-visual__occipital-pole	both-minus-sham	27	-0.03934390846	0.1658011015	0.03190843687	-1.233025254	0.2288477115	100000
smith09-reward_denoised	partial	primary-visual__occipital-pole	both-minus-rtpj	27	-0.02915400634	0.1489812321	0.02867145148	-1.0168305	0.318396816	100000
smith09-reward_denoised	partial	primary-visual__occipital-pole	both-minus-vlpfc	27	-0.01690825402	0.1716259039	0.03302942061	-0.5119149446	0.6134638654	100000
smith09-reward_denoised	partial	primary-visual__occipital-pole	rtpj-minus-vlpfc	27	0.01224575232	0.1329813088	0.02559226481	0.4784942799	0.6344236558	100000
smith09-reward_denoised	partial	primary-visual__occipital-pole	rtpj-minus-sham	27	-0.01018990212	0.1513061723	0.02911888644	-0.3499413392	0.7293627064	100000
smith09-reward_denoised	partial	primary-visual__occipital-pole	vlpfc-minus-sham	27	-0.02243565444	0.1704181791	0.03279699386	-0.6840765507	0.4971850281	100000
smith09-reward_denoised	partial	primary-visual__occipital-pole	both-minus-mean-rtpj-vlpfc	27	-0.02303113018	0.146302502	0.02815592963	-0.817985074	0.4161858381	100000
smith09-reward_denoised	partial	primary-visual__occipital-pole	mean-stimulation-minus-sham	27	-0.02398982167	0.1370088682	0.02636736897	-0.9098299379	0.3693363066	100000
smith09-reward_denoised	partial	primary-visual__right-fpn	both-minus-sham	27	-0.0277554988	0.1202013943	0.02313276912	-1.199834687	0.2423875761	100000
smith09-reward_denoised	partial	primary-visual__right-fpn	both-minus-rtpj	27	0.002354429515	0.1453716266	0.02797678258	0.08415655047	0.932600674	100000
smith09-reward_denoised	partial	primary-visual__right-fpn	both-minus-vlpfc	27	-0.01222371898	0.1361092342	0.02619423434	-0.4666568536	0.6454235458	100000
smith09-reward_denoised	partial	primary-visual__right-fpn	rtpj-minus-vlpfc	27	-0.01457814849	0.1558096695	0.02998558488	-0.4861718906	0.6290337097	100000
smith09-reward_denoised	partial	primary-visual__right-fpn	rtpj-minus-sham	27	-0.03010992832	0.1658321586	0.03191441381	-0.9434586047	0.3520364796	100000
smith09-reward_denoised	partial	primary-visual__right-fpn	vlpfc-minus-sham	27	-0.01553177983	0.1378594657	0.02653106654	-0.5854185997	0.5624843752	100000
smith09-reward_denoised	partial	primary-visual__right-fpn	both-minus-mean-rtpj-vlpfc	27	-0.004934644729	0.1173036804	0.02257510382	-0.2185879085	0.8275417246	100000
smith09-reward_denoised	partial	primary-visual__right-fpn	mean-stimulation-minus-sham	27	-0.02446573565	0.1149523816	0.02212259616	-1.105916117	0.2831171688	100000
smith09-reward_denoised	partial	primary-visual__sensorimotor	both-minus-sham	27	-0.01516155304	0.2040865164	0.0392764684	-0.3860212912	0.7095929041	100000
smith09-reward_denoised	partial	primary-visual__sensorimotor	both-minus-rtpj	27	-0.04417267435	0.164076984	0.03157663029	-1.398903998	0.1775382246	100000
smith09-reward_denoised	partial	primary-visual__sensorimotor	both-minus-vlpfc	27	-0.08314929409	0.1688234595	0.03249008993	-2.559220189	0.0141698583	100000
smith09-reward_denoised	partial	primary-visual__sensorimotor	rtpj-minus-vlpfc	27	-0.03897661975	0.1522432585	0.02929922875	-1.330295076	0.1937280627	100000
smith09-reward_denoised	partial	primary-visual__sensorimotor	rtpj-minus-sham	27	0.02901112131	0.1718692285	0.03307624844	0.8770983008	0.3902260977	100000
smith09-reward_denoised	partial	primary-visual__sensorimotor	vlpfc-minus-sham	27	0.06798774105	0.1553667218	0.02990033954	2.273811672	0.0316596834	100000
smith09-reward_denoised	partial	primary-visual__sensorimotor	both-minus-mean-rtpj-vlpfc	27	-0.06366098422	0.1480432576	0.02849093822	-2.234429198	0.0276797232	100000
smith09-reward_denoised	partial	primary-visual__sensorimotor	mean-stimulation-minus-sham	27	0.0272791031	0.1517991514	0.02921376032	0.9337758237	0.3592364076	100000
smith09-reward_denoised	partial	right-fpn__brain-reward-signature	both-minus-sham	27	0.001611816123	0.1853776592	0.03567594715	0.04517935057	0.9640503595	100000
smith09-reward_denoised	partial	right-fpn__brain-reward-signature	both-minus-rtpj	27	0.0485542634	0.1328739734	0.0255716081	1.898756747	0.06964930351	100000
smith09-reward_denoised	partial	right-fpn__brain-reward-signature	both-minus-vlpfc	27	0.02663237471	0.1557376165	0.02997171826	0.8885835132	0.3782862171	100000
smith09-reward_denoised	partial	right-fpn__brain-reward-signature	rtpj-minus-vlpfc	27	-0.0219218887	0.1685576986	0.03243894422	-0.6757892165	0.5085449146	100000
smith09-reward_denoised	partial	right-fpn__brain-reward-signature	rtpj-minus-sham	27	-0.04694244728	0.1345812295	0.02590016969	-1.812437828	0.08156918431	100000
smith09-reward_denoised	partial	right-fpn__brain-reward-signature	vlpfc-minus-sham	27	-0.02502055859	0.1888121605	0.03633691722	-0.6885713071	0.5025849742	100000
smith09-reward_denoised	partial	right-fpn__brain-reward-signature	both-minus-mean-rtpj-vlpfc	27	0.03759331905	0.1176941993	0.02265025922	1.659730191	0.1088289117	100000
smith09-reward_denoised	partial	right-fpn__brain-reward-signature	mean-stimulation-minus-sham	27	-0.02345039658	0.1468406739	0.02825950087	-0.8298234524	0.4127358726	100000
smith09-reward_denoised	partial	right-fpn__left-fpn	both-minus-sham	27	-0.01038256088	0.221426399	0.04261353035	-0.2436447014	0.8084119159	100000
smith09-reward_denoised	partial	right-fpn__left-fpn	both-minus-rtpj	27	-0.002354270107	0.2247463665	0.0432524584	-0.05443089698	0.9570204298	100000
smith09-reward_denoised	partial	right-fpn__left-fpn	both-minus-vlpfc	27	-0.01886978447	0.198164849	0.03813684296	-0.4947914668	0.6255537445	100000
smith09-reward_denoised	partial	right-fpn__left-fpn	rtpj-minus-vlpfc	27	-0.01651551437	0.2019205489	0.03885962776	-0.4250044409	0.6712332877	100000
smith09-reward_denoised	partial	right-fpn__left-fpn	rtpj-minus-sham	27	-0.008028290775	0.1573281306	0.03027781285	-0.2651542506	0.7934220658	100000
smith09-reward_denoised	partial	right-fpn__left-fpn	vlpfc-minus-sham	27	0.008487223597	0.1721270423	0.03312586474	0.2562113823	0.8004919951	100000
smith09-reward_denoised	partial	right-fpn__left-fpn	both-minus-mean-rtpj-vlpfc	27	-0.01061202728	0.1862716868	0.03584800283	-0.2960284101	0.7709222908	100000
smith09-reward_denoised	partial	right-fpn__left-fpn	mean-stimulation-minus-sham	27	-0.003307876022	0.1412941707	0.02719207582	-0.1216485289	0.9026409736	100000
smith09-reward_denoised	partial	sensorimotor__auditory	both-minus-sham	27	-0.01118728739	0.1995989959	0.03841284468	-0.2912381909	0.7815221848	100000
smith09-reward_denoised	partial	sensorimotor__auditory	both-minus-rtpj	27	0.02174943612	0.165298496	0.03181171039	0.6836927615	0.5071149289	100000
smith09-reward_denoised	partial	sensorimotor__auditory	both-minus-vlpfc	27	-0.02640052351	0.1563310448	0.03008592361	-0.8775041729	0.4228457715	100000
smith09-reward_denoised	partial	sensorimotor__auditory	rtpj-minus-vlpfc	27	-0.04814995964	0.1425947529	0.027442373	-1.754584403	0.09113908861	100000
smith09-reward_denoised	partial	sensorimotor__auditory	rtpj-minus-sham	27	-0.03293672352	0.167510439	0.03223739901	-1.021692957	0.3160868391	100000
smith09-reward_denoised	partial	sensorimotor__auditory	vlpfc-minus-sham	27	0.01521323611	0.1734570906	0.03338183265	0.4557339999	0.6500834992	100000
smith09-reward_denoised	partial	sensorimotor__auditory	both-minus-mean-rtpj-vlpfc	27	-0.002325543699	0.1442157352	0.02775433119	-0.08379029865	0.9445705543	100000
smith09-reward_denoised	partial	sensorimotor__auditory	mean-stimulation-minus-sham	27	-0.009636924942	0.1570082637	0.03021625445	-0.3189318173	0.7514724853	100000
smith09-reward_denoised	partial	sensorimotor__brain-reward-signature	both-minus-sham	27	-0.01879175595	0.1600712914	0.0308057344	-0.6100083741	0.5529944701	100000
smith09-reward_denoised	partial	sensorimotor__brain-reward-signature	both-minus-rtpj	27	-0.01645557231	0.1034257228	0.01990428964	-0.8267349705	0.413095869	100000
smith09-reward_denoised	partial	sensorimotor__brain-reward-signature	both-minus-vlpfc	27	0.01103877092	0.1509499352	0.02905032856	0.3799878166	0.7048329517	100000
smith09-reward_denoised	partial	sensorimotor__brain-reward-signature	rtpj-minus-vlpfc	27	0.02749434323	0.1459996952	0.02809765444	0.978528058	0.335096649	100000
smith09-reward_denoised	partial	sensorimotor__brain-reward-signature	rtpj-minus-sham	27	-0.002336183642	0.1352130048	0.02602175491	-0.08977809722	0.9296507035	100000
smith09-reward_denoised	partial	sensorimotor__brain-reward-signature	vlpfc-minus-sham	27	-0.02983052687	0.1808027832	0.03479551185	-0.8573096151	0.4009059909	100000
smith09-reward_denoised	partial	sensorimotor__brain-reward-signature	both-minus-mean-rtpj-vlpfc	27	-0.002708400696	0.1068288528	0.0205592223	-0.1317365344	0.8964510355	100000
smith09-reward_denoised	partial	sensorimotor__brain-reward-signature	mean-stimulation-minus-sham	27	-0.01698615549	0.1394379154	0.02683483933	-0.6329889024	0.5411345887	100000
smith09-reward_denoised	partial	sensorimotor__ecn	both-minus-sham	27	-0.04307947084	0.1608841718	0.03096217331	-1.391358107	0.1758882411	100000
smith09-reward_denoised	partial	sensorimotor__ecn	both-minus-rtpj	27	-0.03814822181	0.1173201249	0.02257826856	-1.689599081	0.1028189718	100000
smith09-reward_denoised	partial	sensorimotor__ecn	both-minus-vlpfc	27	-0.0233309462	0.1799856462	0.03463825376	-0.6735601156	0.510904891	100000
smith09-reward_denoised	partial	sensorimotor__ecn	rtpj-minus-vlpfc	27	0.01481727561	0.2149411869	0.0413654507	0.3582041379	0.7226127739	100000
smith09-reward_denoised	partial	sensorimotor__ecn	rtpj-minus-sham	27	-0.00493124902	0.187183371	0.03602345654	-0.136889946	0.8936610634	100000
smith09-reward_denoised	partial	sensorimotor__ecn	vlpfc-minus-sham	27	-0.01974852463	0.1328062415	0.02555857309	-0.7726771193	0.4449755502	100000
smith09-reward_denoised	partial	sensorimotor__ecn	both-minus-mean-rtpj-vlpfc	27	-0.03073958401	0.1073754805	0.02066442085	-1.487560877	0.150598494	100000
smith09-reward_denoised	partial	sensorimotor__ecn	mean-stimulation-minus-sham	27	-0.02258641483	0.1261911814	0.02428550418	-0.9300368922	0.3675163248	100000
smith09-reward_denoised	partial	sensorimotor__left-fpn	both-minus-sham	27	0.04989494477	0.1352622117	0.02603122478	1.916734429	0.06702932971	100000
smith09-reward_denoised	partial	sensorimotor__left-fpn	both-minus-rtpj	27	-0.002446907825	0.1526797656	0.02938323458	-0.08327564543	0.9353106469	100000
smith09-reward_denoised	partial	sensorimotor__left-fpn	both-minus-vlpfc	27	-0.002659871704	0.1444206839	0.02779377358	-0.09570027248	0.9244307557	100000
smith09-reward_denoised	partial	sensorimotor__left-fpn	rtpj-minus-vlpfc	27	-0.0002129638815	0.1501690113	0.02890003969	-0.007368982318	0.9942100579	100000
smith09-reward_denoised	partial	sensorimotor__left-fpn	rtpj-minus-sham	27	0.05234185259	0.187249251	0.03603613515	1.452482415	0.1591184088	100000
smith09-reward_denoised	partial	sensorimotor__left-fpn	vlpfc-minus-sham	27	0.05255481648	0.1503167406	0.02892847022	1.816716061	0.07978920211	100000
smith09-reward_denoised	partial	sensorimotor__left-fpn	both-minus-mean-rtpj-vlpfc	27	-0.002553389772	0.1282440618	0.0246805812	-0.1034574409	0.9191708083	100000
smith09-reward_denoised	partial	sensorimotor__left-fpn	mean-stimulation-minus-sham	27	0.05159720461	0.1338077537	0.02575131421	2.003672675	0.05701942981	100000
smith09-reward_denoised	partial	sensorimotor__right-fpn	both-minus-sham	27	0.03045066688	0.1751998667	0.03371723007	0.9031188749	0.374496255	100000
smith09-reward_denoised	partial	sensorimotor__right-fpn	both-minus-rtpj	27	0.02788351096	0.1631467349	0.03139760377	0.8880776753	0.3821361786	100000
smith09-reward_denoised	partial	sensorimotor__right-fpn	both-minus-vlpfc	27	0.03461615439	0.1571712394	0.03024761912	1.144425756	0.2595274047	100000
smith09-reward_denoised	partial	sensorimotor__right-fpn	rtpj-minus-vlpfc	27	0.006732643429	0.1811320537	0.03485887999	0.1931399813	0.8495115049	100000
smith09-reward_denoised	partial	sensorimotor__right-fpn	rtpj-minus-sham	27	0.002567155922	0.1586966627	0.03054118698	0.08405553861	0.9337106629	100000
smith09-reward_denoised	partial	sensorimotor__right-fpn	vlpfc-minus-sham	27	-0.00416548751	0.1594608486	0.03068825463	-0.1357355627	0.8925510745	100000
smith09-reward_denoised	partial	sensorimotor__right-fpn	both-minus-mean-rtpj-vlpfc	27	0.03124983267	0.1321272968	0.02542791013	1.228957964	0.2304076959	100000
smith09-reward_denoised	partial	sensorimotor__right-fpn	mean-stimulation-minus-sham	27	0.009617445097	0.1332473399	0.02564346253	0.3750447151	0.7063529365	100000
